x-axis,1,2
second,Volt,Volt
-2.500000E-03,-291.103954E-03,+155.190011E-03
-2.497500E-03,-295.102070E-03,+151.571920E-03
-2.495000E-03,-299.442523E-03,+147.686869E-03
-2.492500E-03,-303.490891E-03,+143.233351E-03
-2.490000E-03,-307.174936E-03,+138.468903E-03
-2.487500E-03,-310.701946E-03,+133.566263E-03
-2.485000E-03,-314.150440E-03,+128.823799E-03
-2.482500E-03,-318.000943E-03,+124.700057E-03
-2.480000E-03,-321.436871E-03,+121.355208E-03
-2.477500E-03,-324.728327E-03,+117.740256E-03
-2.475000E-03,-327.803082E-03,+113.638498E-03
-2.472500E-03,-330.456971E-03,+109.250932E-03
-2.470000E-03,-333.167401E-03,+104.674926E-03
-2.467500E-03,-336.110241E-03,+99.634096E-03
-2.465000E-03,-339.181848E-03,+94.144142E-03
-2.462500E-03,-341.842028E-03,+89.282338E-03
-2.460000E-03,-344.232099E-03,+85.340754E-03
-2.457500E-03,-346.455718E-03,+81.276685E-03
-2.455000E-03,-348.437505E-03,+77.746535E-03
-2.452500E-03,-350.356474E-03,+73.870909E-03
-2.450000E-03,-351.939386E-03,+69.260356E-03
-2.447500E-03,-353.569410E-03,+64.791129E-03
-2.445000E-03,-355.202579E-03,+59.668632E-03
-2.442500E-03,-357.108981E-03,+54.049919E-03
-2.440000E-03,-358.261619E-03,+48.965117E-03
-2.437500E-03,-359.571295E-03,+44.401674E-03
-2.435000E-03,-360.632852E-03,+39.539870E-03
-2.432500E-03,-361.904838E-03,+34.935593E-03
-2.430000E-03,-363.227073E-03,+30.959471E-03
-2.427500E-03,-364.360863E-03,+27.209469E-03
-2.425000E-03,-364.973306E-03,+23.060588E-03
-2.422500E-03,-365.544911E-03,+17.941231E-03
-2.420000E-03,-366.176188E-03,+12.162343E-03
-2.417500E-03,-366.942528E-03,+7.030436E-03
-2.415000E-03,-367.178071E-03,+1.785455E-03
-2.412500E-03,-367.187496E-03,-3.070070E-03
-2.410000E-03,-366.951943E-03,-7.705735E-03
-2.407500E-03,-366.427453E-03,-11.408623E-03
-2.405000E-03,-366.323803E-03,-15.884135E-03
-2.402500E-03,-366.012880E-03,-20.171196E-03
-2.400000E-03,-365.632852E-03,-25.824471E-03
-2.397500E-03,-364.728319E-03,-30.786776E-03
-2.395000E-03,-363.632218E-03,-35.802482E-03
-2.392500E-03,-362.771663E-03,-41.223347E-03
-2.390000E-03,-361.703819E-03,-46.082004E-03
-2.387500E-03,-360.921790E-03,-50.478985E-03
-2.385000E-03,-359.998417E-03,-55.076978E-03
-2.382500E-03,-359.031076E-03,-59.326366E-03
-2.380000E-03,-358.135979E-03,-63.836394E-03
-2.377500E-03,-356.722653E-03,-67.727731E-03
-2.375000E-03,-355.409841E-03,-71.804372E-03
-2.372500E-03,-353.572522E-03,-76.628493E-03
-2.370000E-03,-351.841999E-03,-82.212667E-03
-2.367500E-03,-349.423646E-03,-87.297465E-03
-2.365000E-03,-347.331948E-03,-91.000360E-03
-2.362500E-03,-344.794264E-03,-95.579483E-03
-2.360000E-03,-342.514113E-03,-100.186903E-03
-2.357500E-03,-339.957569E-03,-103.528601E-03
-2.355000E-03,-337.740241E-03,-107.231497E-03
-2.352500E-03,-334.904174E-03,-111.854635E-03
-2.350000E-03,-331.603302E-03,-117.077615E-03
-2.347500E-03,-328.264749E-03,-122.671214E-03
-2.345000E-03,-324.985845E-03,-127.548715E-03
-2.342500E-03,-322.187463E-03,-132.693210E-03
-2.340000E-03,-319.222632E-03,-137.592689E-03
-2.337500E-03,-315.805543E-03,-141.543692E-03
-2.335000E-03,-311.819990E-03,-144.935646E-03
-2.332500E-03,-308.393495E-03,-147.793687E-03
-2.330000E-03,-304.976405E-03,-151.100867E-03
-2.327500E-03,-301.666097E-03,-156.072612E-03
-2.325000E-03,-297.824999E-03,-161.455785E-03
-2.322500E-03,-293.355794E-03,-166.229635E-03
-2.320000E-03,-289.395370E-03,-170.946976E-03
-2.317500E-03,-285.673632E-03,-175.592063E-03
-2.315000E-03,-281.782286E-03,-179.081371E-03
-2.312500E-03,-277.049252E-03,-182.514160E-03
-2.310000E-03,-272.196846E-03,-185.504125E-03
-2.307500E-03,-268.242729E-03,-188.647959E-03
-2.305000E-03,-263.795481E-03,-192.354015E-03
-2.302500E-03,-258.767199E-03,-196.829503E-03
-2.300000E-03,-253.619592E-03,-200.808806E-03
-2.297500E-03,-248.343218E-03,-204.932523E-03
-2.295000E-03,-243.811186E-03,-208.311917E-03
-2.292500E-03,-238.701236E-03,-211.895452E-03
-2.290000E-03,-233.588182E-03,-215.940687E-03
-2.287500E-03,-229.436176E-03,-219.872848E-03
-2.285000E-03,-224.555509E-03,-223.060655E-03
-2.282500E-03,-218.657259E-03,-225.271698E-03
-2.280000E-03,-212.934909E-03,-228.365317E-03
-2.277500E-03,-207.504614E-03,-232.011683E-03
-2.275000E-03,-201.358265E-03,-236.157421E-03
-2.272500E-03,-195.441183E-03,-239.828869E-03
-2.270000E-03,-188.823747E-03,-242.642944E-03
-2.267500E-03,-183.022831E-03,-245.479026E-03
-2.265000E-03,-176.688036E-03,-248.057499E-03
-2.262500E-03,-171.050472E-03,-250.541782E-03
-2.260000E-03,-164.841291E-03,-253.754769E-03
-2.257500E-03,-158.682361E-03,-256.534296E-03
-2.255000E-03,-153.016531E-03,-259.395473E-03
-2.252500E-03,-146.474439E-03,-262.360293E-03
-2.250000E-03,-139.486407E-03,-265.350224E-03
-2.247500E-03,-133.613281E-03,-267.828245E-03
-2.245000E-03,-126.637762E-03,-269.916828E-03
-2.242500E-03,-120.139661E-03,-272.350853E-03
-2.240000E-03,-114.046670E-03,-275.111552E-03
-2.237500E-03,-107.058629E-03,-277.865924E-03
-2.235000E-03,-100.632743E-03,-280.127221E-03
-2.232500E-03,-93.701194E-03,-281.772960E-03
-2.230000E-03,-86.870179E-03,-283.952630E-03
-2.227500E-03,-80.092524E-03,-286.019176E-03
-2.225000E-03,-73.280342E-03,-287.884786E-03
-2.222500E-03,-66.307968E-03,-289.901102E-03
-2.220000E-03,-59.652833E-03,-291.744668E-03
-2.217500E-03,-52.627078E-03,-293.236481E-03
-2.215000E-03,-45.422287E-03,-294.367178E-03
-2.212500E-03,-38.559854E-03,-295.171182E-03
-2.210000E-03,-31.367636E-03,-297.008505E-03
-2.207500E-03,-23.917909E-03,-298.289935E-03
-2.205000E-03,-17.058577E-03,-300.328223E-03
-2.202500E-03,-9.373303E-03,-302.225237E-03
-2.200000E-03,-2.347548E-03,-304.059414E-03
-2.197500E-03,+4.992277E-03,-305.482141E-03
-2.195000E-03,+12.206503E-03,-306.097684E-03
-2.192500E-03,+19.747321E-03,-306.675568E-03
-2.190000E-03,+27.052563E-03,-307.146680E-03
-2.187500E-03,+33.880502E-03,-307.592666E-03
-2.185000E-03,+41.443293E-03,-308.026083E-03
-2.182500E-03,+48.977829E-03,-308.695053E-03
-2.180000E-03,+56.964664E-03,-309.599576E-03
-2.177500E-03,+64.816424E-03,-310.733351E-03
-2.175000E-03,+72.008623E-03,-311.581335E-03
-2.172500E-03,+78.334039E-03,-312.146668E-03
-2.170000E-03,+85.582733E-03,-312.303703E-03
-2.167500E-03,+93.497326E-03,-312.203207E-03
-2.165000E-03,+101.066449E-03,-311.524763E-03
-2.162500E-03,+109.053246E-03,-310.544870E-03
-2.160000E-03,+116.405601E-03,-309.766060E-03
-2.157500E-03,+124.175729E-03,-310.208880E-03
-2.155000E-03,+131.242313E-03,-310.975178E-03
-2.152500E-03,+138.503608E-03,-312.385388E-03
-2.150000E-03,+146.725997E-03,-313.795571E-03
-2.147500E-03,+154.263707E-03,-314.266642E-03
-2.145000E-03,+162.985415E-03,-313.707570E-03
-2.142500E-03,+169.885487E-03,-312.335075E-03
-2.140000E-03,+177.099725E-03,-310.582583E-03
-2.137500E-03,+184.712764E-03,-309.162964E-03
-2.135000E-03,+191.879899E-03,-307.884719E-03
-2.132500E-03,+199.477234E-03,-306.964507E-03
-2.130000E-03,+207.008678E-03,-306.807472E-03
-2.127500E-03,+214.222846E-03,-307.200060E-03
-2.125000E-03,+221.930119E-03,-307.121535E-03
-2.122500E-03,+228.852245E-03,-306.490217E-03
-2.120000E-03,+236.063309E-03,-305.598264E-03
-2.117500E-03,+243.604154E-03,-303.933691E-03
-2.115000E-03,+251.166962E-03,-301.826286E-03
-2.112500E-03,+258.676378E-03,-298.845736E-03
-2.110000E-03,+265.661296E-03,-296.505927E-03
-2.107500E-03,+273.318309E-03,-295.146009E-03
-2.105000E-03,+280.805755E-03,-294.411084E-03
-2.102500E-03,+287.752992E-03,-293.475147E-03
-2.100000E-03,+295.265618E-03,-292.721447E-03
-2.097500E-03,+302.080868E-03,-292.030423E-03
-2.095000E-03,+308.202116E-03,-290.563667E-03
-2.092500E-03,+315.174447E-03,-287.718189E-03
-2.090000E-03,+322.234789E-03,-284.678004E-03
-2.087500E-03,+328.604121E-03,-281.430492E-03
-2.085000E-03,+335.475997E-03,-279.467608E-03
-2.082500E-03,+342.580245E-03,-277.309936E-03
-2.080000E-03,+349.464660E-03,-275.255908E-03
-2.077500E-03,+356.056998E-03,-273.459425E-03
-2.075000E-03,+362.774980E-03,-271.490212E-03
-2.072500E-03,+368.349721E-03,-269.367096E-03
-2.070000E-03,+374.891799E-03,-266.618963E-03
-2.067500E-03,+381.433869E-03,-263.032255E-03
-2.065000E-03,+386.977228E-03,-260.265294E-03
-2.062500E-03,+393.726618E-03,-257.341341E-03
-2.060000E-03,+399.703352E-03,-255.180562E-03
-2.057500E-03,+405.366041E-03,-252.991475E-03
-2.055000E-03,+411.157560E-03,-250.337537E-03
-2.052500E-03,+417.146865E-03,-247.514079E-03
-2.050000E-03,+423.139328E-03,-244.464377E-03
-2.047500E-03,+429.210309E-03,-241.132125E-03
-2.045000E-03,+434.885491E-03,-237.696160E-03
-2.042500E-03,+440.834011E-03,-233.317992E-03
-2.040000E-03,+446.628636E-03,-228.955563E-03
-2.037500E-03,+452.300739E-03,-225.086304E-03
-2.035000E-03,+458.057631E-03,-222.623975E-03
-2.032500E-03,+463.073309E-03,-220.080022E-03
-2.030000E-03,+467.680712E-03,-217.426119E-03
-2.027500E-03,+473.396830E-03,-213.949305E-03
-2.025000E-03,+478.588414E-03,-209.948075E-03
-2.022500E-03,+483.101550E-03,-206.317422E-03
-2.020000E-03,+487.426299E-03,-202.630244E-03
-2.017500E-03,+492.121708E-03,-199.125200E-03
-2.015000E-03,+497.241036E-03,-195.576233E-03
-2.012500E-03,+501.499793E-03,-190.585607E-03
-2.010000E-03,+505.667508E-03,-186.487027E-03
-2.007500E-03,+510.070774E-03,-183.358857E-03
-2.005000E-03,+514.703370E-03,-180.095646E-03
-2.002500E-03,+519.150578E-03,-176.788514E-03
-2.000000E-03,+523.123549E-03,-173.091837E-03
-1.997500E-03,+526.939524E-03,-168.544156E-03
-1.995000E-03,+531.305103E-03,-163.757694E-03
-1.992500E-03,+535.947073E-03,-158.939893E-03
-1.990000E-03,+539.894879E-03,-153.767105E-03
-1.987500E-03,+543.286879E-03,-149.442415E-03
-1.985000E-03,+546.722809E-03,-145.497691E-03
-1.982500E-03,+550.629845E-03,-142.595740E-03
-1.980000E-03,+554.244785E-03,-138.638353E-03
-1.977500E-03,+557.997906E-03,-134.238237E-03
-1.975000E-03,+560.937535E-03,-129.530291E-03
-1.972500E-03,+563.670008E-03,-124.841159E-03
-1.970000E-03,+566.050651E-03,-119.266450E-03
-1.967500E-03,+569.012315E-03,-113.845605E-03
-1.965000E-03,+571.795040E-03,-109.382696E-03
-1.962500E-03,+574.521151E-03,-105.975052E-03
-1.960000E-03,+577.018000E-03,-102.727554E-03
-1.957500E-03,+579.282427E-03,-98.751465E-03
-1.955000E-03,+581.509154E-03,-94.687362E-03
-1.952500E-03,+583.321372E-03,-90.535341E-03
-1.950000E-03,+584.759783E-03,-86.015857E-03
-1.947500E-03,+586.066273E-03,-80.569781E-03
-1.945000E-03,+587.498488E-03,-74.702978E-03
-1.942500E-03,+588.943190E-03,-69.385830E-03
-1.940000E-03,+590.463291E-03,-64.863217E-03
-1.937500E-03,+591.983370E-03,-59.948015E-03
-1.935000E-03,+593.007283E-03,-55.921611E-03
-1.932500E-03,+593.896058E-03,-52.005207E-03
-1.930000E-03,+595.450773E-03,-48.468797E-03
-1.927500E-03,+596.257890E-03,-43.899017E-03
-1.925000E-03,+596.961385E-03,-38.669745E-03
-1.922500E-03,+597.341455E-03,-33.195465E-03
-1.920000E-03,+597.391651E-03,-27.897131E-03
-1.917500E-03,+597.209456E-03,-21.791569E-03
-1.915000E-03,+597.533005E-03,-15.883882E-03
-1.912500E-03,+597.620877E-03,-11.816783E-03
-1.910000E-03,+597.601998E-03,-8.311747E-03
-1.907500E-03,+597.689960E-03,-4.505179E-03
-1.905000E-03,+596.882788E-03,-500.816E-06
-1.902500E-03,+596.750901E-03,+4.153753E-03
-1.900000E-03,+596.128995E-03,+8.707762E-03
-1.897500E-03,+595.676711E-03,+13.695247E-03
-1.895000E-03,+594.967016E-03,+19.087859E-03
-1.892500E-03,+594.291706E-03,+25.168227E-03
-1.890000E-03,+593.418567E-03,+29.910654E-03
-1.887500E-03,+592.595738E-03,+34.759901E-03
-1.885000E-03,+591.725787E-03,+39.558885E-03
-1.882500E-03,+590.921802E-03,+43.045078E-03
-1.880000E-03,+589.973238E-03,+46.584664E-03
-1.877500E-03,+588.544218E-03,+50.231009E-03
-1.875000E-03,+587.193727E-03,+55.394351E-03
-1.872500E-03,+585.293589E-03,+60.965996E-03
-1.870000E-03,+583.261541E-03,+66.327165E-03
-1.867500E-03,+580.821190E-03,+71.556425E-03
-1.865000E-03,+578.566165E-03,+76.795169E-03
-1.862500E-03,+576.169820E-03,+81.603500E-03
-1.860000E-03,+574.209996E-03,+85.268677E-03
-1.857500E-03,+571.898425E-03,+88.503590E-03
-1.855000E-03,+569.376427E-03,+91.022398E-03
-1.852500E-03,+566.468073E-03,+95.017510E-03
-1.850000E-03,+563.418499E-03,+99.725426E-03
-1.847500E-03,+560.290371E-03,+104.904447E-03
-1.845000E-03,+557.360081E-03,+110.435302E-03
-1.842500E-03,+554.423573E-03,+116.923895E-03
-1.840000E-03,+550.770871E-03,+122.266246E-03
-1.837500E-03,+547.275255E-03,+125.903079E-03
-1.835000E-03,+543.698057E-03,+129.301346E-03
-1.832500E-03,+540.211837E-03,+132.203305E-03
-1.830000E-03,+536.483886E-03,+135.733482E-03
-1.827500E-03,+532.991294E-03,+139.056373E-03
-1.825000E-03,+528.886459E-03,+143.098563E-03
-1.822500E-03,+524.718745E-03,+147.313283E-03
-1.820000E-03,+520.827399E-03,+152.684005E-03
-1.817500E-03,+516.958078E-03,+158.494281E-03
-1.815000E-03,+512.583038E-03,+163.717153E-03
-1.812500E-03,+507.733791E-03,+167.046339E-03
-1.810000E-03,+503.892724E-03,+170.111573E-03
-1.807500E-03,+500.051643E-03,+172.994752E-03
-1.805000E-03,+495.773964E-03,+176.606642E-03
-1.802500E-03,+491.043996E-03,+179.976618E-03
-1.800000E-03,+485.764499E-03,+183.880432E-03
-1.797500E-03,+481.307908E-03,+187.106002E-03
-1.795000E-03,+476.791549E-03,+190.733502E-03
-1.792500E-03,+471.204223E-03,+195.510581E-03
-1.790000E-03,+466.044060E-03,+199.687662E-03
-1.787500E-03,+460.764509E-03,+203.525630E-03
-1.785000E-03,+454.966728E-03,+205.928145E-03
-1.782500E-03,+449.131355E-03,+208.305671E-03
-1.780000E-03,+443.594336E-03,+210.567020E-03
-1.777500E-03,+437.994377E-03,+214.263656E-03
-1.775000E-03,+432.246903E-03,+218.365485E-03
-1.772500E-03,+426.885679E-03,+222.197060E-03
-1.770000E-03,+421.260720E-03,+225.582725E-03
-1.767500E-03,+415.001326E-03,+229.304558E-03
-1.765000E-03,+409.492488E-03,+232.583340E-03
-1.762500E-03,+403.745028E-03,+235.466435E-03
-1.760000E-03,+397.589220E-03,+237.228412E-03
-1.757500E-03,+391.552844E-03,+239.150566E-03
-1.755000E-03,+385.943547E-03,+241.289371E-03
-1.752500E-03,+379.957294E-03,+244.002925E-03
-1.750000E-03,+373.232974E-03,+246.977200E-03
-1.747500E-03,+366.587317E-03,+249.744190E-03
-1.745000E-03,+359.677739E-03,+252.746703E-03
-1.742500E-03,+353.025801E-03,+255.507323E-03
-1.740000E-03,+346.772557E-03,+258.381097E-03
-1.737500E-03,+339.878726E-03,+260.435088E-03
-1.735000E-03,+333.525170E-03,+261.750998E-03
-1.732500E-03,+327.469893E-03,+263.123471E-03
-1.730000E-03,+320.290155E-03,+264.725290E-03
-1.727500E-03,+313.393124E-03,+266.967797E-03
-1.725000E-03,+306.477354E-03,+269.119105E-03
-1.722500E-03,+299.011915E-03,+271.427597E-03
-1.720000E-03,+292.353563E-03,+274.037492E-03
-1.717500E-03,+284.925753E-03,+276.763623E-03
-1.715000E-03,+277.183932E-03,+278.525512E-03
-1.712500E-03,+270.060861E-03,+279.907407E-03
-1.710000E-03,+262.777507E-03,+280.494688E-03
-1.707500E-03,+255.770658E-03,+281.779328E-03
-1.705000E-03,+248.565913E-03,+283.192553E-03
-1.702500E-03,+241.078491E-03,+284.885438E-03
-1.700000E-03,+233.848559E-03,+286.220253E-03
-1.697500E-03,+226.618612E-03,+287.900514E-03
-1.695000E-03,+219.303897E-03,+288.908571E-03
-1.692500E-03,+211.822849E-03,+289.954426E-03
-1.690000E-03,+204.511243E-03,+290.447610E-03
-1.687500E-03,+197.196544E-03,+290.711351E-03
-1.685000E-03,+190.327855E-03,+291.314413E-03
-1.682500E-03,+182.249886E-03,+292.388533E-03
-1.680000E-03,+174.146854E-03,+293.227101E-03
-1.677500E-03,+165.874335E-03,+294.728421E-03
-1.675000E-03,+158.911299E-03,+295.799290E-03
-1.672500E-03,+151.408141E-03,+296.201284E-03
-1.670000E-03,+143.509302E-03,+296.336414E-03
-1.667500E-03,+136.533750E-03,+296.242177E-03
-1.665000E-03,+128.474720E-03,+295.551094E-03
-1.662500E-03,+121.097303E-03,+293.804814E-03
-1.660000E-03,+113.201557E-03,+292.812481E-03
-1.657500E-03,+105.670198E-03,+293.242822E-03
-1.655000E-03,+99.391996E-03,+294.612185E-03
-1.652500E-03,+91.665668E-03,+296.625425E-03
-1.650000E-03,+83.942759E-03,+297.778031E-03
-1.647500E-03,+76.681402E-03,+298.607078E-03
-1.645000E-03,+68.606701E-03,+298.151561E-03
-1.642500E-03,+61.606072E-03,+296.251369E-03
-1.640000E-03,+54.052696E-03,+293.726276E-03
-1.637500E-03,+46.426967E-03,+291.889047E-03
-1.635000E-03,+39.605474E-03,+290.538544E-03
-1.632500E-03,+31.725348E-03,+289.731450E-03
-1.630000E-03,+24.508094E-03,+289.533602E-03
-1.627500E-03,+17.224649E-03,+289.731416E-03
-1.625000E-03,+9.539482E-03,+290.083209E-03
-1.622500E-03,+2.055201E-03,+289.794247E-03
-1.620000E-03,-5.429097E-03,+288.798644E-03
-1.617500E-03,-13.076779E-03,+287.209397E-03
-1.615000E-03,-20.168471E-03,+285.155189E-03
-1.612500E-03,-27.630716E-03,+282.027098E-03
-1.610000E-03,-34.332926E-03,+278.848895E-03
-1.607500E-03,-40.915859E-03,+276.939295E-03
-1.605000E-03,-48.271457E-03,+276.216933E-03
-1.602500E-03,-55.262629E-03,+275.714507E-03
-1.600000E-03,-62.100098E-03,+275.290582E-03
-1.597500E-03,-69.546620E-03,+274.363918E-03
-1.595000E-03,-76.449905E-03,+272.941196E-03
-1.592500E-03,-83.733181E-03,+270.384488E-03
-1.590000E-03,-90.491958E-03,+267.359972E-03
-1.587500E-03,-96.757628E-03,+263.434286E-03
-1.585000E-03,-103.805385E-03,+260.475690E-03
-1.582500E-03,-110.953556E-03,+258.679207E-03
-1.580000E-03,-117.445374E-03,+256.530895E-03
-1.577500E-03,-124.169763E-03,+255.230786E-03
-1.575000E-03,-130.787084E-03,+253.902214E-03
-1.572500E-03,-136.622494E-03,+252.642792E-03
-1.570000E-03,-143.148877E-03,+250.720627E-03
-1.567500E-03,-149.621886E-03,+247.931628E-03
-1.565000E-03,-155.372659E-03,+244.404636E-03
-1.562500E-03,-162.571044E-03,+240.381358E-03
-1.560000E-03,-168.824186E-03,+237.196756E-03
-1.557500E-03,-174.681544E-03,+234.250831E-03
-1.555000E-03,-181.650894E-03,+231.766443E-03
-1.552500E-03,-187.869396E-03,+229.121897E-03
-1.550000E-03,-193.349925E-03,+226.154096E-03
-1.547500E-03,-199.684670E-03,+223.704274E-03
-1.545000E-03,-205.253193E-03,+221.012672E-03
-1.542500E-03,-210.293931E-03,+217.988192E-03
-1.540000E-03,-214.983039E-03,+214.388964E-03
-1.537500E-03,-220.454164E-03,+210.340504E-03
-1.535000E-03,-225.975614E-03,+206.260636E-03
-1.532500E-03,-231.386954E-03,+202.623850E-03
-1.530000E-03,-236.566013E-03,+199.831839E-03
-1.527500E-03,-242.304135E-03,+197.269006E-03
-1.525000E-03,-247.526976E-03,+194.244452E-03
-1.522500E-03,-252.275758E-03,+190.883917E-03
-1.520000E-03,-257.065312E-03,+187.432246E-03
-1.517500E-03,-262.134428E-03,+183.600473E-03
-1.515000E-03,-266.804559E-03,+179.649563E-03
-1.512500E-03,-270.940905E-03,+174.944693E-03
-1.510000E-03,-275.105516E-03,+170.274485E-03
-1.507500E-03,-280.124380E-03,+165.654567E-03
-1.505000E-03,-284.467917E-03,+162.033373E-03
-1.502500E-03,-288.309017E-03,+158.936716E-03
-1.500000E-03,-292.124914E-03,+155.268297E-03
-1.497500E-03,-296.044532E-03,+151.518258E-03
-1.495000E-03,-300.381825E-03,+147.325457E-03
-1.492500E-03,-304.791451E-03,+142.956679E-03
-1.490000E-03,-308.261754E-03,+138.606707E-03
-1.487500E-03,-311.628686E-03,+133.785765E-03
-1.485000E-03,-315.086581E-03,+128.993090E-03
-1.482500E-03,-318.827258E-03,+124.838017E-03
-1.480000E-03,-322.404441E-03,+121.263856E-03
-1.477500E-03,-325.733528E-03,+117.705419E-03
-1.475000E-03,-328.729839E-03,+113.716665E-03
-1.472500E-03,-331.493599E-03,+109.486157E-03
-1.470000E-03,-333.905740E-03,+104.589779E-03
-1.467500E-03,-336.901872E-03,+99.508021E-03
-1.465000E-03,-340.146239E-03,+94.087225E-03
-1.462500E-03,-342.800114E-03,+89.376229E-03
-1.460000E-03,-345.174426E-03,+85.497500E-03
-1.457500E-03,-347.420069E-03,+81.524509E-03
-1.455000E-03,-349.470848E-03,+77.303544E-03
-1.452500E-03,-351.226582E-03,+73.421493E-03
-1.450000E-03,-353.007382E-03,+69.102964E-03
-1.447500E-03,-354.555749E-03,+64.718581E-03
-1.445000E-03,-355.987890E-03,+59.705916E-03
-1.442500E-03,-357.815678E-03,+54.231791E-03
-1.440000E-03,-359.307553E-03,+49.238072E-03
-1.437500E-03,-360.513563E-03,+44.322891E-03
-1.435000E-03,-361.785589E-03,+39.552162E-03
-1.432500E-03,-363.032469E-03,+34.439054E-03
-1.430000E-03,-364.090824E-03,+30.679694E-03
-1.427500E-03,-365.143126E-03,+26.995648E-03
-1.425000E-03,-365.978387E-03,+22.918910E-03
-1.422500E-03,-366.568840E-03,+17.796360E-03
-1.420000E-03,-367.209606E-03,+12.055236E-03
-1.417500E-03,-367.737119E-03,+7.017463E-03
-1.415000E-03,-368.095180E-03,+1.759987E-03
-1.412500E-03,-367.941244E-03,-3.588736E-03
-1.410000E-03,-367.580084E-03,-7.960365E-03
-1.407500E-03,-367.416746E-03,-11.741794E-03
-1.405000E-03,-367.061762E-03,-15.589135E-03
-1.402500E-03,-366.361449E-03,-20.469959E-03
-1.400000E-03,-365.837057E-03,-25.573539E-03
-1.397500E-03,-365.390971E-03,-30.586081E-03
-1.395000E-03,-364.822461E-03,-35.655263E-03
-1.392500E-03,-363.654205E-03,-41.292826E-03
-1.390000E-03,-362.639715E-03,-46.402602E-03
-1.387500E-03,-361.753993E-03,-50.683424E-03
-1.385000E-03,-360.682970E-03,-55.363073E-03
-1.382500E-03,-360.004686E-03,-59.807170E-03
-1.380000E-03,-358.971373E-03,-63.833531E-03
-1.377500E-03,-357.570597E-03,-67.439080E-03
-1.375000E-03,-356.430456E-03,-71.490676E-03
-1.372500E-03,-354.988917E-03,-76.971226E-03
-1.370000E-03,-353.066610E-03,-82.476858E-03
-1.367500E-03,-350.808618E-03,-87.297773E-03
-1.365000E-03,-348.230122E-03,-91.537636E-03
-1.362500E-03,-345.909010E-03,-95.705460E-03
-1.360000E-03,-343.682273E-03,-100.510693E-03
-1.357500E-03,-341.056623E-03,-103.921344E-03
-1.355000E-03,-338.738871E-03,-107.445280E-03
-1.352500E-03,-335.890164E-03,-112.263164E-03
-1.350000E-03,-332.702283E-03,-117.533331E-03
-1.347500E-03,-329.426640E-03,-123.086029E-03
-1.345000E-03,-326.373831E-03,-127.790803E-03
-1.342500E-03,-323.273979E-03,-132.404542E-03
-1.340000E-03,-320.541589E-03,-137.338566E-03
-1.337500E-03,-316.951540E-03,-142.219197E-03
-1.335000E-03,-313.047870E-03,-145.196585E-03
-1.332500E-03,-309.335513E-03,-148.029432E-03
-1.330000E-03,-306.065995E-03,-151.660244E-03
-1.327500E-03,-302.843610E-03,-156.006933E-03
-1.325000E-03,-299.190926E-03,-161.518914E-03
-1.322500E-03,-294.426546E-03,-166.207894E-03
-1.320000E-03,-290.255737E-03,-171.179742E-03
-1.317500E-03,-286.637668E-03,-175.878144E-03
-1.315000E-03,-282.498198E-03,-179.524456E-03
-1.312500E-03,-278.148094E-03,-182.592832E-03
-1.310000E-03,-273.521998E-03,-185.397481E-03
-1.307500E-03,-268.971049E-03,-188.676445E-03
-1.305000E-03,-264.731029E-03,-192.775017E-03
-1.302500E-03,-259.573947E-03,-197.128217E-03
-1.300000E-03,-254.671331E-03,-201.342857E-03
-1.297500E-03,-249.602373E-03,-204.926447E-03
-1.295000E-03,-244.661883E-03,-208.349744E-03
-1.292500E-03,-239.925841E-03,-212.099908E-03
-1.290000E-03,-234.800143E-03,-216.298982E-03
-1.287500E-03,-230.425282E-03,-220.077202E-03
-1.285000E-03,-225.908809E-03,-223.220930E-03
-1.282500E-03,-219.473554E-03,-225.218535E-03
-1.280000E-03,-213.798255E-03,-228.299566E-03
-1.277500E-03,-208.741651E-03,-232.150187E-03
-1.275000E-03,-202.519892E-03,-236.455950E-03
-1.272500E-03,-196.417599E-03,-239.715953E-03
-1.270000E-03,-190.374814E-03,-242.847164E-03
-1.267500E-03,-184.131118E-03,-245.570249E-03
-1.265000E-03,-178.006864E-03,-248.437736E-03
-1.262500E-03,-172.055135E-03,-251.091583E-03
-1.260000E-03,-165.776868E-03,-253.789471E-03
-1.257500E-03,-160.013604E-03,-256.496854E-03
-1.255000E-03,-153.955210E-03,-259.637414E-03
-1.252500E-03,-147.337650E-03,-262.545730E-03
-1.250000E-03,-140.742244E-03,-265.350354E-03
-1.247500E-03,-134.724679E-03,-267.460908E-03
-1.245000E-03,-128.078950E-03,-269.913846E-03
-1.242500E-03,-121.081486E-03,-272.313344E-03
-1.240000E-03,-115.264951E-03,-275.319046E-03
-1.237500E-03,-108.471438E-03,-277.991761E-03
-1.235000E-03,-101.656232E-03,-280.604753E-03
-1.232500E-03,-94.740255E-03,-282.470356E-03
-1.230000E-03,-87.598392E-03,-284.590307E-03
-1.227500E-03,-80.955754E-03,-286.273749E-03
-1.225000E-03,-74.080728E-03,-288.136063E-03
-1.222500E-03,-66.894847E-03,-289.920106E-03
-1.220000E-03,-60.377985E-03,-291.933273E-03
-1.217500E-03,-53.713386E-03,-293.802016E-03
-1.215000E-03,-46.583989E-03,-294.957796E-03
-1.212500E-03,-39.485973E-03,-295.972169E-03
-1.210000E-03,-32.092557E-03,-297.332044E-03
-1.207500E-03,-24.850193E-03,-299.087772E-03
-1.205000E-03,-17.811950E-03,-300.661265E-03
-1.202500E-03,-10.098231E-03,-302.247220E-03
-1.200000E-03,-3.132300E-03,-304.043678E-03
-1.197500E-03,+3.893455E-03,-305.337673E-03
-1.195000E-03,+11.270994E-03,-305.975311E-03
-1.192500E-03,+18.595191E-03,-306.650436E-03
-1.190000E-03,+26.057377E-03,-307.212648E-03
-1.187500E-03,+32.938761E-03,-307.592698E-03
-1.185000E-03,+40.162380E-03,-307.919255E-03
-1.182500E-03,+48.042457E-03,-308.534859E-03
-1.180000E-03,+55.985272E-03,-309.715814E-03
-1.177500E-03,+63.953213E-03,-310.733351E-03
-1.175000E-03,+70.831303E-03,-311.314432E-03
-1.172500E-03,+77.238519E-03,-311.685061E-03
-1.170000E-03,+85.184500E-03,-312.363427E-03
-1.167500E-03,+92.477061E-03,-312.542576E-03
-1.165000E-03,+100.306862E-03,-311.524628E-03
-1.162500E-03,+108.378522E-03,-310.293549E-03
-1.160000E-03,+115.558146E-03,-309.734530E-03
-1.157500E-03,+123.246615E-03,-310.171113E-03
-1.155000E-03,+130.090054E-03,-310.859109E-03
-1.152500E-03,+137.467749E-03,-312.112276E-03
-1.150000E-03,+145.705659E-03,-313.403079E-03
-1.147500E-03,+153.664255E-03,-314.128347E-03
-1.145000E-03,+161.930693E-03,-313.550457E-03
-1.142500E-03,+169.267142E-03,-312.316082E-03
-1.140000E-03,+176.016514E-03,-310.519599E-03
-1.137500E-03,+184.085140E-03,-309.084219E-03
-1.135000E-03,+191.208204E-03,-307.784125E-03
-1.132500E-03,+198.532379E-03,-306.615810E-03
-1.130000E-03,+206.198890E-03,-306.411822E-03
-1.127500E-03,+213.397384E-03,-306.650436E-03
-1.125000E-03,+220.752859E-03,-307.199874E-03
-1.122500E-03,+227.935570E-03,-306.361439E-03
-1.120000E-03,+235.514168E-03,-305.915459E-03
-1.117500E-03,+242.772255E-03,-304.442362E-03
-1.115000E-03,+250.196959E-03,-302.027107E-03
-1.112500E-03,+258.032855E-03,-299.002636E-03
-1.110000E-03,+265.099466E-03,-296.669200E-03
-1.107500E-03,+272.301342E-03,-295.284177E-03
-1.105000E-03,+279.694290E-03,-294.219371E-03
-1.102500E-03,+286.874155E-03,-293.135935E-03
-1.100000E-03,+294.559268E-03,-292.375885E-03
-1.097500E-03,+301.274175E-03,-291.892162E-03
-1.095000E-03,+307.627683E-03,-290.563455E-03
-1.092500E-03,+314.424357E-03,-288.176574E-03
-1.090000E-03,+321.293022E-03,-284.853682E-03
-1.087500E-03,+328.133421E-03,-281.650191E-03
-1.085000E-03,+334.848300E-03,-279.118866E-03
-1.082500E-03,+341.804987E-03,-277.030243E-03
-1.080000E-03,+348.777268E-03,-274.951152E-03
-1.077500E-03,+355.564466E-03,-273.063589E-03
-1.075000E-03,+362.037237E-03,-271.395902E-03
-1.072500E-03,+367.778444E-03,-269.344940E-03
-1.070000E-03,+373.984585E-03,-266.775844E-03
-1.067500E-03,+380.488928E-03,-263.267595E-03
-1.065000E-03,+386.176854E-03,-259.988783E-03
-1.062500E-03,+392.549342E-03,-257.184135E-03
-1.060000E-03,+398.865076E-03,-254.878969E-03
-1.057500E-03,+404.474373E-03,-252.595566E-03
-1.055000E-03,+410.247099E-03,-249.951149E-03
-1.052500E-03,+416.311910E-03,-247.322268E-03
-1.050000E-03,+422.401651E-03,-244.338655E-03
-1.047500E-03,+428.497757E-03,-241.288948E-03
-1.045000E-03,+434.238852E-03,-238.101218E-03
-1.042500E-03,+439.936061E-03,-233.657009E-03
-1.040000E-03,+445.491882E-03,-229.165746E-03
-1.037500E-03,+451.107573E-03,-224.960428E-03
-1.035000E-03,+457.018378E-03,-222.268958E-03
-1.032500E-03,+461.968042E-03,-219.856954E-03
-1.030000E-03,+466.804783E-03,-217.268929E-03
-1.027500E-03,+472.417335E-03,-213.795254E-03
-1.025000E-03,+477.725068E-03,-210.230555E-03
-1.022500E-03,+482.046477E-03,-206.361151E-03
-1.020000E-03,+486.292794E-03,-202.686556E-03
-1.017500E-03,+490.925390E-03,-199.322719E-03
-1.015000E-03,+495.837365E-03,-195.192807E-03
-1.012500E-03,+500.322405E-03,-190.396809E-03
-1.010000E-03,+504.361178E-03,-186.229238E-03
-1.007500E-03,+508.893242E-03,-183.041453E-03
-1.005000E-03,+513.447436E-03,-179.615089E-03
-1.002500E-03,+518.079772E-03,-176.502362E-03
-1.000000E-03,+521.788943E-03,-172.542021E-03
-997.500E-06,+525.510649E-03,-168.292504E-03
-995.000E-06,+529.945497E-03,-163.864227E-03
-992.500E-06,+534.298512E-03,-158.735371E-03
-990.000E-06,+538.516420E-03,-153.210785E-03
-987.500E-06,+542.156583E-03,-148.625561E-03
-985.000E-06,+545.708691E-03,-145.035883E-03
-982.500E-06,+549.530869E-03,-141.907771E-03
-980.000E-06,+553.202352E-03,-138.075790E-03
-977.500E-06,+557.124944E-03,-134.036932E-03
-975.000E-06,+560.089857E-03,-129.325847E-03
-972.500E-06,+562.790656E-03,-124.956980E-03
-970.000E-06,+565.114925E-03,-118.945702E-03
-967.500E-06,+567.683903E-03,-113.603453E-03
-965.000E-06,+570.752489E-03,-109.385665E-03
-962.500E-06,+573.374976E-03,-105.487933E-03
-960.000E-06,+576.041404E-03,-102.027115E-03
-957.500E-06,+578.487864E-03,-98.022599E-03
-955.000E-06,+580.595396E-03,-94.423203E-03
-952.500E-06,+582.382426E-03,-90.447221E-03
-950.000E-06,+583.550619E-03,-86.188426E-03
-947.500E-06,+584.989091E-03,-81.034232E-03
-945.000E-06,+586.245403E-03,-74.850366E-03
-942.500E-06,+587.818865E-03,-69.382490E-03
-940.000E-06,+589.062644E-03,-64.602189E-03
-937.500E-06,+590.491665E-03,-59.398163E-03
-935.000E-06,+591.933217E-03,-55.560404E-03
-932.500E-06,+593.089057E-03,-51.505543E-03
-930.000E-06,+594.304419E-03,-47.918980E-03
-927.500E-06,+595.001685E-03,-44.206426E-03
-925.000E-06,+596.113312E-03,-38.967640E-03
-922.500E-06,+596.144780E-03,-33.210973E-03
-920.000E-06,+596.348773E-03,-27.551212E-03
-917.500E-06,+596.371033E-03,-21.900993E-03
-915.000E-06,+596.364782E-03,-16.024981E-03
-912.500E-06,+596.694403E-03,-11.612322E-03
-910.000E-06,+596.751028E-03,-7.900071E-03
-907.500E-06,+596.549992E-03,-4.517533E-03
-905.000E-06,+596.446349E-03,-308.805E-06
-902.500E-06,+595.711301E-03,+4.389596E-03
-900.000E-06,+595.500874E-03,+8.802161E-03
-897.500E-06,+594.602509E-03,+13.450681E-03
-895.000E-06,+594.137809E-03,+19.100715E-03
-892.500E-06,+593.723081E-03,+25.099490E-03
-890.000E-06,+592.711774E-03,+30.215666E-03
-887.500E-06,+591.747640E-03,+35.372795E-03
-885.000E-06,+591.182313E-03,+39.565324E-03
-882.500E-06,+590.262118E-03,+43.444093E-03
-880.000E-06,+588.899052E-03,+46.669565E-03
-877.500E-06,+587.690069E-03,+50.347579E-03
-875.000E-06,+586.722419E-03,+55.551663E-03
-872.500E-06,+584.913436E-03,+60.991425E-03
-870.000E-06,+582.686708E-03,+66.509642E-03
-867.500E-06,+580.189691E-03,+71.839574E-03
-865.000E-06,+577.909572E-03,+77.033920E-03
-862.500E-06,+575.258944E-03,+81.698023E-03
-860.000E-06,+573.437336E-03,+85.504462E-03
-857.500E-06,+571.043929E-03,+88.365548E-03
-855.000E-06,+568.704168E-03,+91.361938E-03
-852.500E-06,+565.745561E-03,+95.180971E-03
-850.000E-06,+562.554574E-03,+99.804310E-03
-847.500E-06,+559.228664E-03,+105.143379E-03
-845.000E-06,+556.803913E-03,+110.652397E-03
-842.500E-06,+553.493707E-03,+116.886727E-03
-840.000E-06,+550.026338E-03,+122.345110E-03
-837.500E-06,+546.379916E-03,+126.453055E-03
-835.000E-06,+542.852906E-03,+129.615648E-03
-832.500E-06,+539.146843E-03,+132.382512E-03
-830.000E-06,+535.689121E-03,+135.290933E-03
-827.500E-06,+532.124164E-03,+139.122688E-03
-825.000E-06,+528.022534E-03,+143.475704E-03
-822.500E-06,+523.989805E-03,+147.514650E-03
-820.000E-06,+519.724826E-03,+152.734435E-03
-817.500E-06,+515.940181E-03,+158.576209E-03
-815.000E-06,+511.693884E-03,+163.412925E-03
-812.500E-06,+507.105315E-03,+167.282045E-03
-810.000E-06,+503.012913E-03,+170.008111E-03
-807.500E-06,+499.266216E-03,+173.230440E-03
-805.000E-06,+494.784170E-03,+176.292823E-03
-802.500E-06,+490.073081E-03,+180.055386E-03
-800.000E-06,+485.057639E-03,+183.755168E-03
-797.500E-06,+480.817491E-03,+187.429825E-03
-795.000E-06,+475.858418E-03,+191.116913E-03
-792.500E-06,+470.239732E-03,+195.620649E-03
-790.000E-06,+465.277551E-03,+200.045967E-03
-787.500E-06,+459.868863E-03,+203.604253E-03
-785.000E-06,+454.024112E-03,+205.987881E-03
-782.500E-06,+448.110299E-03,+208.227269E-03
-780.000E-06,+442.623323E-03,+210.862519E-03
-777.500E-06,+437.268522E-03,+214.402093E-03
-775.000E-06,+431.602626E-03,+218.475685E-03
-772.500E-06,+425.949558E-03,+222.222479E-03
-770.000E-06,+420.497196E-03,+225.874951E-03
-767.500E-06,+414.284884E-03,+229.471357E-03
-765.000E-06,+408.559213E-03,+232.812832E-03
-762.500E-06,+403.053860E-03,+235.356635E-03
-760.000E-06,+396.838072E-03,+237.508185E-03
-757.500E-06,+390.814302E-03,+239.116091E-03
-755.000E-06,+385.296018E-03,+241.371083E-03
-752.500E-06,+378.989484E-03,+244.119367E-03
-750.000E-06,+372.133294E-03,+246.741923E-03
-747.500E-06,+365.839323E-03,+249.769460E-03
-745.000E-06,+358.863785E-03,+252.903950E-03
-742.500E-06,+352.161760E-03,+255.670911E-03
-740.000E-06,+345.500259E-03,+258.616823E-03
-737.500E-06,+338.716237E-03,+260.498003E-03
-735.000E-06,+332.193199E-03,+262.065146E-03
-732.500E-06,+326.684370E-03,+262.878588E-03
-730.000E-06,+319.796636E-03,+264.668858E-03
-727.500E-06,+312.538400E-03,+266.923986E-03
-725.000E-06,+305.471816E-03,+269.166449E-03
-722.500E-06,+298.088158E-03,+271.506307E-03
-720.000E-06,+291.423482E-03,+274.062909E-03
-717.500E-06,+283.945500E-03,+276.600495E-03
-715.000E-06,+276.068614E-03,+278.588595E-03
-712.500E-06,+269.196858E-03,+279.718904E-03
-710.000E-06,+261.668349E-03,+280.799444E-03
-707.500E-06,+254.209384E-03,+282.206549E-03
-705.000E-06,+247.575975E-03,+283.516118E-03
-702.500E-06,+239.740161E-03,+284.951628E-03
-700.000E-06,+232.921727E-03,+286.157520E-03
-697.500E-06,+225.434150E-03,+287.407451E-03
-695.000E-06,+217.962416E-03,+288.629115E-03
-692.500E-06,+210.989983E-03,+289.558763E-03
-690.000E-06,+203.345614E-03,+290.422491E-03
-687.500E-06,+196.253905E-03,+290.632989E-03
-685.000E-06,+189.080327E-03,+291.550004E-03
-682.500E-06,+180.971239E-03,+292.470336E-03
-680.000E-06,+172.893243E-03,+293.434672E-03
-677.500E-06,+165.091488E-03,+294.750452E-03
-675.000E-06,+157.795950E-03,+295.767793E-03
-672.500E-06,+150.622405E-03,+296.204421E-03
-670.000E-06,+142.682635E-03,+296.286115E-03
-667.500E-06,+135.276890E-03,+296.198317E-03
-665.000E-06,+127.478451E-03,+295.569964E-03
-662.500E-06,+119.997436E-03,+293.946220E-03
-660.000E-06,+112.277763E-03,+292.733944E-03
-657.500E-06,+104.733898E-03,+293.255514E-03
-655.000E-06,+98.317405E-03,+294.841569E-03
-652.500E-06,+90.722897E-03,+296.427625E-03
-650.000E-06,+82.890017E-03,+297.683835E-03
-647.500E-06,+75.311498E-03,+298.013502E-03
-645.000E-06,+67.472516E-03,+297.231216E-03
-642.500E-06,+60.477989E-03,+295.613538E-03
-640.000E-06,+53.028418E-03,+293.405803E-03
-637.500E-06,+45.531378E-03,+291.653398E-03
-635.000E-06,+37.946470E-03,+290.616965E-03
-632.500E-06,+30.270698E-03,+289.806880E-03
-630.000E-06,+23.194980E-03,+289.665476E-03
-627.500E-06,+15.729274E-03,+289.769155E-03
-625.000E-06,+7.968703E-03,+289.926118E-03
-622.500E-06,+785.949E-06,+289.571182E-03
-620.000E-06,-6.896285E-03,+288.321001E-03
-617.500E-06,-14.317514E-03,+287.206087E-03
-615.000E-06,-20.897544E-03,+284.932108E-03
-612.500E-06,-28.730386E-03,+281.932590E-03
-610.000E-06,-35.275504E-03,+278.832970E-03
-607.500E-06,-41.977949E-03,+276.957970E-03
-605.000E-06,-49.279976E-03,+276.487010E-03
-602.500E-06,-56.145738E-03,+276.195108E-03
-600.000E-06,-63.215573E-03,+275.682880E-03
-597.500E-06,-70.706005E-03,+274.794171E-03
-595.000E-06,-77.668799E-03,+273.151399E-03
-592.500E-06,-84.694627E-03,+270.497541E-03
-590.000E-06,-91.648109E-03,+266.948288E-03
-587.500E-06,-98.108463E-03,+263.276989E-03
-585.000E-06,-104.870510E-03,+260.126900E-03
-582.500E-06,-111.974671E-03,+258.252011E-03
-580.000E-06,-118.190235E-03,+256.970566E-03
-577.500E-06,-125.200324E-03,+255.544798E-03
-575.000E-06,-131.949362E-03,+254.357538E-03
-572.500E-06,-137.587112E-03,+252.793541E-03
-570.000E-06,-144.085303E-03,+250.714321E-03
-567.500E-06,-150.614789E-03,+247.667652E-03
-565.000E-06,-156.817530E-03,+244.194071E-03
-562.500E-06,-163.199777E-03,+239.909964E-03
-560.000E-06,-169.572191E-03,+236.895038E-03
-557.500E-06,-175.859655E-03,+234.036997E-03
-555.000E-06,-182.593587E-03,+231.847964E-03
-552.500E-06,-188.676868E-03,+229.297825E-03
-550.000E-06,-194.229745E-03,+226.609345E-03
-547.500E-06,-200.329030E-03,+224.237812E-03
-545.000E-06,-206.154810E-03,+221.012460E-03
-542.500E-06,-211.214484E-03,+217.874858E-03
-540.000E-06,-216.038605E-03,+214.046227E-03
-537.500E-06,-221.695165E-03,+209.931829E-03
-535.000E-06,-226.996787E-03,+205.487998E-03
-532.500E-06,-232.172477E-03,+202.309568E-03
-530.000E-06,-237.213269E-03,+199.366842E-03
-527.500E-06,-242.888521E-03,+196.876264E-03
-525.000E-06,-248.422327E-03,+194.165722E-03
-522.500E-06,-252.948158E-03,+190.814553E-03
-520.000E-06,-257.816326E-03,+187.196462E-03
-517.500E-06,-263.274678E-03,+183.374034E-03
-515.000E-06,-267.740797E-03,+179.561487E-03
-512.500E-06,-271.993234E-03,+174.693128E-03
-510.000E-06,-276.378002E-03,+169.758928E-03
-507.500E-06,-280.872157E-03,+165.418744E-03
-505.000E-06,-285.460726E-03,+162.007978E-03
-502.500E-06,-289.515182E-03,+158.782436E-03
-500.000E-06,-293.381389E-03,+155.346583E-03
-497.500E-06,-297.235071E-03,+151.637450E-03
-495.000E-06,-301.566334E-03,+147.432086E-03
-492.500E-06,-305.843702E-03,+142.953172E-03
-490.000E-06,-309.138378E-03,+138.198223E-03
-487.500E-06,-312.602613E-03,+133.125986E-03
-485.000E-06,-316.038543E-03,+128.531214E-03
-482.500E-06,-319.659658E-03,+124.994820E-03
-480.000E-06,-323.233741E-03,+121.712746E-03
-477.500E-06,-327.052993E-03,+117.881165E-03
-475.000E-06,-330.064693E-03,+113.763585E-03
-472.500E-06,-332.690439E-03,+109.328794E-03
-470.000E-06,-335.451079E-03,+104.451359E-03
-467.500E-06,-338.073567E-03,+99.313088E-03
-465.000E-06,-341.286586E-03,+93.970712E-03
-462.500E-06,-343.883948E-03,+89.108981E-03
-460.000E-06,-346.509341E-03,+85.349518E-03
-457.500E-06,-348.362435E-03,+81.580713E-03
-455.000E-06,-350.579614E-03,+77.482173E-03
-452.500E-06,-352.099715E-03,+73.795184E-03
-450.000E-06,-354.012601E-03,+69.149806E-03
-447.500E-06,-355.447824E-03,+64.589464E-03
-445.000E-06,-357.128061E-03,+59.586204E-03
-442.500E-06,-359.040789E-03,+53.713087E-03
-440.000E-06,-360.340961E-03,+48.503017E-03
-437.500E-06,-361.926977E-03,+44.008351E-03
-435.000E-06,-363.199002E-03,+39.316339E-03
-432.500E-06,-364.232174E-03,+34.727730E-03
-430.000E-06,-365.463330E-03,+30.792388E-03
-427.500E-06,-366.572158E-03,+26.973492E-03
-425.000E-06,-367.595627E-03,+22.840045E-03
-422.500E-06,-367.979034E-03,+17.334391E-03
-420.000E-06,-368.425014E-03,+12.142808E-03
-417.500E-06,-369.018767E-03,+6.929279E-03
-415.000E-06,-369.228953E-03,+1.671620E-03
-412.500E-06,-369.417436E-03,-3.353426E-03
-410.000E-06,-369.169320E-03,-7.897985E-03
-407.500E-06,-368.842687E-03,-11.826884E-03
-405.000E-06,-368.359019E-03,-15.909678E-03
-402.500E-06,-367.711710E-03,-20.489148E-03
-400.000E-06,-367.156130E-03,-25.683751E-03
-397.500E-06,-366.019073E-03,-30.683590E-03
-395.000E-06,-365.708103E-03,-35.881617E-03
-392.500E-06,-364.960615E-03,-41.509840E-03
-390.000E-06,-363.980675E-03,-46.409053E-03
-387.500E-06,-363.104378E-03,-51.107831E-03
-385.000E-06,-361.932977E-03,-55.105744E-03
-382.500E-06,-360.915266E-03,-59.722823E-03
-380.000E-06,-359.910527E-03,-64.019020E-03
-377.500E-06,-358.550561E-03,-67.715629E-03
-375.000E-06,-357.372798E-03,-72.040378E-03
-372.500E-06,-355.968616E-03,-76.641633E-03
-370.000E-06,-353.911496E-03,-82.716042E-03
-367.500E-06,-351.590475E-03,-87.332506E-03
-365.000E-06,-349.043528E-03,-91.393643E-03
-362.500E-06,-346.615476E-03,-96.365006E-03
-360.000E-06,-344.398304E-03,-101.038332E-03
-357.500E-06,-342.118153E-03,-104.355080E-03
-355.000E-06,-339.467357E-03,-107.916597E-03
-352.500E-06,-336.895204E-03,-112.517977E-03
-350.000E-06,-333.675692E-03,-117.628193E-03
-347.500E-06,-330.588338E-03,-123.158848E-03
-345.000E-06,-327.453916E-03,-128.255837E-03
-342.500E-06,-324.451569E-03,-132.784940E-03
-340.000E-06,-321.304500E-03,-137.615301E-03
-337.500E-06,-318.019282E-03,-141.764129E-03
-335.000E-06,-314.017942E-03,-145.039800E-03
-332.500E-06,-310.547548E-03,-148.221124E-03
-330.000E-06,-307.234063E-03,-151.760823E-03
-327.500E-06,-303.867186E-03,-156.704585E-03
-325.000E-06,-300.023006E-03,-162.006219E-03
-322.500E-06,-295.739044E-03,-166.544284E-03
-320.000E-06,-291.329286E-03,-171.264720E-03
-317.500E-06,-287.344153E-03,-175.825065E-03
-315.000E-06,-283.597251E-03,-179.420960E-03
-312.500E-06,-279.011824E-03,-182.671757E-03
-310.000E-06,-274.410481E-03,-186.029170E-03
-307.500E-06,-270.129956E-03,-189.223012E-03
-305.000E-06,-266.031041E-03,-192.778416E-03
-302.500E-06,-260.786023E-03,-197.442616E-03
-300.000E-06,-255.346111E-03,-201.343243E-03
-297.500E-06,-250.691800E-03,-205.080511E-03
-295.000E-06,-245.713827E-03,-208.271381E-03
-292.500E-06,-240.405909E-03,-211.873896E-03
-290.000E-06,-235.795526E-03,-216.186210E-03
-287.500E-06,-231.461397E-03,-220.155932E-03
-285.000E-06,-226.690668E-03,-223.120671E-03
-282.500E-06,-221.024624E-03,-225.906433E-03
-280.000E-06,-214.981910E-03,-228.560285E-03
-277.500E-06,-209.601627E-03,-232.285417E-03
-275.000E-06,-203.807113E-03,-236.550450E-03
-272.500E-06,-197.579097E-03,-239.967579E-03
-270.000E-06,-191.640284E-03,-242.756309E-03
-267.500E-06,-185.003891E-03,-245.727458E-03
-265.000E-06,-179.045889E-03,-248.196181E-03
-262.500E-06,-173.169675E-03,-251.154594E-03
-260.000E-06,-166.903970E-03,-253.711128E-03
-257.500E-06,-160.990068E-03,-256.500159E-03
-255.000E-06,-155.104389E-03,-259.819753E-03
-252.500E-06,-148.568237E-03,-262.492579E-03
-250.000E-06,-141.841153E-03,-265.507481E-03
-247.500E-06,-135.653966E-03,-267.539560E-03
-245.000E-06,-129.221413E-03,-269.728631E-03
-242.500E-06,-122.607351E-03,-272.197355E-03
-240.000E-06,-116.636785E-03,-275.206018E-03
-237.500E-06,-109.491684E-03,-278.023230E-03
-235.000E-06,-102.827241E-03,-280.451038E-03
-232.500E-06,-96.046417E-03,-282.083810E-03
-230.000E-06,-89.020531E-03,-284.084701E-03
-227.500E-06,-82.108061E-03,-285.783778E-03
-225.000E-06,-75.682049E-03,-287.759588E-03
-222.500E-06,-68.213279E-03,-289.841743E-03
-220.000E-06,-61.916343E-03,-291.770047E-03
-217.500E-06,-54.686398E-03,-293.277497E-03
-215.000E-06,-47.601014E-03,-294.562045E-03
-212.500E-06,-40.789004E-03,-295.862164E-03
-210.000E-06,-33.452054E-03,-297.200325E-03
-207.500E-06,-26.037073E-03,-299.100318E-03
-205.000E-06,-19.029941E-03,-300.711499E-03
-202.500E-06,-11.203130E-03,-302.162548E-03
-200.000E-06,-4.497993E-03,-303.792707E-03
-197.500E-06,+2.345601E-03,-304.888679E-03
-195.000E-06,+10.166088E-03,-306.019244E-03
-192.500E-06,+17.308227E-03,-306.594082E-03
-190.000E-06,+24.943056E-03,-307.077973E-03
-187.500E-06,+31.839997E-03,-307.906807E-03
-185.000E-06,+38.997617E-03,-308.352787E-03
-182.500E-06,+46.858665E-03,-308.955802E-03
-180.000E-06,+54.575688E-03,-309.910531E-03
-177.500E-06,+62.618896E-03,-310.768078E-03
-175.000E-06,+69.606738E-03,-311.251702E-03
-172.500E-06,+76.196070E-03,-311.678748E-03
-170.000E-06,+83.758885E-03,-312.030641E-03
-167.500E-06,+91.548011E-03,-312.438798E-03
-165.000E-06,+98.957067E-03,-311.848075E-03
-162.500E-06,+106.949888E-03,-310.434443E-03
-160.000E-06,+114.519030E-03,-309.967064E-03
-157.500E-06,+122.063046E-03,-310.105210E-03
-155.000E-06,+129.195585E-03,-310.950195E-03
-152.500E-06,+136.425440E-03,-311.970833E-03
-150.000E-06,+144.795688E-03,-313.528849E-03
-147.500E-06,+152.729107E-03,-314.021758E-03
-145.000E-06,+160.878870E-03,-313.650928E-03
-142.500E-06,+168.089744E-03,-312.284767E-03
-140.000E-06,+174.986867E-03,-310.513274E-03
-137.500E-06,+182.907859E-03,-309.131455E-03
-135.000E-06,+189.823552E-03,-307.582860E-03
-132.500E-06,+197.502984E-03,-306.612702E-03
-130.000E-06,+204.814269E-03,-306.286023E-03
-127.500E-06,+211.984588E-03,-306.703737E-03
-125.000E-06,+219.654050E-03,-306.886035E-03
-122.500E-06,+226.720680E-03,-306.439918E-03
-120.000E-06,+234.176573E-03,-305.679867E-03
-117.500E-06,+241.908986E-03,-304.165818E-03
-115.000E-06,+248.627090E-03,-301.926542E-03
-112.500E-06,+256.746132E-03,-299.033770E-03
-110.000E-06,+264.088684E-03,-296.129080E-03
-107.500E-06,+271.299925E-03,-294.891550E-03
-105.000E-06,+278.677392E-03,-294.222719E-03
-102.500E-06,+285.922950E-03,-293.229887E-03
-100.000E-06,+293.381890E-03,-292.564335E-03
-97.500E-06,+300.077964E-03,-291.694314E-03
-95.000E-06,+306.312215E-03,-290.359329E-03
-92.500E-06,+313.181027E-03,-287.940848E-03
-90.000E-06,+320.272737E-03,-284.834691E-03
-87.500E-06,+326.956062E-03,-281.916931E-03
-85.000E-06,+333.652322E-03,-279.294443E-03
-82.500E-06,+340.649718E-03,-277.074152E-03
-80.000E-06,+347.207321E-03,-275.265106E-03
-77.500E-06,+354.227075E-03,-273.449873E-03
-75.000E-06,+360.640159E-03,-271.411229E-03
-72.500E-06,+366.387554E-03,-269.360723E-03
-70.000E-06,+372.728729E-03,-266.894990E-03
-67.500E-06,+378.921962E-03,-263.713316E-03
-65.000E-06,+384.594355E-03,-260.133054E-03
-62.500E-06,+391.607312E-03,-257.419627E-03
-60.000E-06,+397.612527E-03,-255.258964E-03
-57.500E-06,+403.067930E-03,-252.805886E-03
-55.000E-06,+408.991203E-03,-250.418904E-03
-52.500E-06,+415.564555E-03,-247.758444E-03
-50.000E-06,+421.098522E-03,-244.542552E-03
-47.500E-06,+427.304459E-03,-241.380005E-03
-45.000E-06,+433.250095E-03,-238.276848E-03
-42.500E-06,+438.946811E-03,-233.439690E-03
-40.000E-06,+444.455938E-03,-228.895423E-03
-37.500E-06,+450.291271E-03,-225.321349E-03
-35.000E-06,+455.976135E-03,-222.193256E-03
-32.500E-06,+461.104619E-03,-220.001235E-03
-30.000E-06,+465.928931E-03,-217.372227E-03
-27.500E-06,+471.296346E-03,-214.087003E-03
-25.000E-06,+476.437774E-03,-210.324440E-03
-22.500E-06,+481.085825E-03,-206.517954E-03
-20.000E-06,+485.250303E-03,-202.868217E-03
-17.500E-06,+490.121582E-03,-198.839077E-03
-15.000E-06,+494.741462E-03,-195.117151E-03
-12.500E-06,+499.333315E-03,-190.333859E-03
-10.000E-06,+503.441260E-03,-186.150489E-03
-7.500E-06,+507.750402E-03,-182.959678E-03
-5.000E-06,+512.477402E-03,-179.878696E-03
-2.500E-06,+517.031182E-03,-176.935326E-03
-0.0E+00,+520.846800E-03,-172.934214E-03
+2.500E-06,+524.452569E-03,-168.659716E-03
+5.000E-06,+529.028672E-03,-163.882463E-03
+7.500E-06,+533.623328E-03,-158.612410E-03
+10.000E-06,+537.389129E-03,-153.116420E-03
+12.500E-06,+541.151692E-03,-148.421504E-03
+15.000E-06,+544.675514E-03,-145.346609E-03
+17.500E-06,+548.293605E-03,-142.130286E-03
+20.000E-06,+552.326220E-03,-138.559257E-03
+22.500E-06,+555.878356E-03,-134.237697E-03
+25.000E-06,+558.927687E-03,-129.733732E-03
+27.500E-06,+561.355598E-03,-124.856219E-03
+30.000E-06,+563.846176E-03,-119.174539E-03
+32.500E-06,+566.638359E-03,-113.398735E-03
+35.000E-06,+569.455473E-03,-109.388790E-03
+37.500E-06,+572.542834E-03,-105.723197E-03
+40.000E-06,+575.030174E-03,-102.466188E-03
+42.500E-06,+577.363864E-03,-98.876462E-03
+45.000E-06,+579.555879E-03,-94.696332E-03
+47.500E-06,+581.132463E-03,-90.528618E-03
+50.000E-06,+582.624347E-03,-85.920861E-03
+52.500E-06,+583.896036E-03,-81.156511E-03
+55.000E-06,+585.378744E-03,-75.204926E-03
+57.500E-06,+587.087090E-03,-69.915685E-03
+60.000E-06,+588.079849E-03,-64.284946E-03
+62.500E-06,+589.392515E-03,-59.711834E-03
+65.000E-06,+590.991084E-03,-55.478313E-03
+67.500E-06,+592.018292E-03,-51.872785E-03
+70.000E-06,+593.048195E-03,-48.185499E-03
+72.500E-06,+594.053121E-03,-44.441631E-03
+75.000E-06,+594.715710E-03,-39.202788E-03
+77.500E-06,+594.982968E-03,-33.669066E-03
+80.000E-06,+595.189658E-03,-28.298512E-03
+82.500E-06,+594.932369E-03,-21.913262E-03
+85.000E-06,+595.237067E-03,-15.936652E-03
+87.500E-06,+595.453975E-03,-11.565241E-03
+90.000E-06,+595.243298E-03,-8.195016E-03
+92.500E-06,+595.419127E-03,-4.583156E-03
+95.000E-06,+594.370032E-03,-295.995E-06
+97.500E-06,+594.398599E-03,+4.157673E-03
+100.000E-06,+594.103323E-03,+8.645338E-03
+102.500E-06,+593.563021E-03,+13.425791E-03
+105.000E-06,+592.903524E-03,+19.258078E-03
+107.500E-06,+592.149856E-03,+24.914385E-03
+110.000E-06,+591.446086E-03,+30.288331E-03
+112.500E-06,+590.679855E-03,+35.153282E-03
+115.000E-06,+589.897719E-03,+39.317704E-03
+117.500E-06,+588.889502E-03,+43.240393E-03
+120.000E-06,+587.827894E-03,+46.563056E-03
+122.500E-06,+586.631539E-03,+50.244163E-03
+125.000E-06,+584.759679E-03,+55.159517E-03
+127.500E-06,+583.078947E-03,+60.809694E-03
+130.000E-06,+581.116260E-03,+66.299492E-03
+132.500E-06,+578.738544E-03,+72.069067E-03
+135.000E-06,+576.452315E-03,+77.539970E-03
+137.500E-06,+574.112338E-03,+81.918111E-03
+140.000E-06,+571.951788E-03,+85.655345E-03
+142.500E-06,+569.925728E-03,+88.504015E-03
+145.000E-06,+567.246810E-03,+91.550396E-03
+147.500E-06,+564.307060E-03,+95.234748E-03
+150.000E-06,+561.376579E-03,+99.867082E-03
+152.500E-06,+558.286280E-03,+104.883349E-03
+155.000E-06,+555.258641E-03,+110.495787E-03
+157.500E-06,+552.224772E-03,+117.188781E-03
+160.000E-06,+548.889293E-03,+122.502493E-03
+162.500E-06,+545.264870E-03,+126.531862E-03
+165.000E-06,+541.630973E-03,+129.904670E-03
+167.500E-06,+538.012882E-03,+132.596202E-03
+170.000E-06,+534.737282E-03,+135.300657E-03
+172.500E-06,+531.317055E-03,+138.761300E-03
+175.000E-06,+526.655941E-03,+143.130381E-03
+177.500E-06,+522.513663E-03,+147.492870E-03
+180.000E-06,+518.750737E-03,+152.716481E-03
+182.500E-06,+514.997699E-03,+158.652050E-03
+185.000E-06,+510.672846E-03,+163.413253E-03
+187.500E-06,+505.927295E-03,+167.517894E-03
+190.000E-06,+502.152324E-03,+170.479371E-03
+192.500E-06,+498.088201E-03,+173.494498E-03
+195.000E-06,+493.813651E-03,+176.880333E-03
+197.500E-06,+489.051928E-03,+180.234553E-03
+200.000E-06,+483.785331E-03,+183.582648E-03
+202.500E-06,+479.410174E-03,+186.717070E-03
+205.000E-06,+474.670956E-03,+190.862852E-03
+207.500E-06,+469.149390E-03,+195.602435E-03
+210.000E-06,+463.913941E-03,+200.027164E-03
+212.500E-06,+458.502403E-03,+203.714403E-03
+215.000E-06,+453.122220E-03,+206.139131E-03
+217.500E-06,+446.938541E-03,+208.830191E-03
+220.000E-06,+441.486279E-03,+210.815378E-03
+222.500E-06,+436.187701E-03,+214.480842E-03
+225.000E-06,+430.283230E-03,+218.161904E-03
+227.500E-06,+424.667704E-03,+221.971210E-03
+230.000E-06,+419.105570E-03,+225.683627E-03
+232.500E-06,+412.971406E-03,+229.217183E-03
+235.000E-06,+407.277784E-03,+233.111656E-03
+237.500E-06,+401.498625E-03,+235.922269E-03
+240.000E-06,+395.468473E-03,+237.834694E-03
+242.500E-06,+389.432252E-03,+239.270207E-03
+245.000E-06,+383.825937E-03,+241.233359E-03
+247.500E-06,+377.666857E-03,+243.921855E-03
+250.000E-06,+370.484226E-03,+246.820725E-03
+252.500E-06,+364.322006E-03,+249.443054E-03
+255.000E-06,+357.510032E-03,+252.272722E-03
+257.500E-06,+350.867496E-03,+255.429076E-03
+260.000E-06,+344.372308E-03,+258.610555E-03
+262.500E-06,+337.380994E-03,+261.047742E-03
+265.000E-06,+331.234689E-03,+261.999482E-03
+267.500E-06,+325.270706E-03,+263.202105E-03
+270.000E-06,+318.134599E-03,+264.904526E-03
+272.500E-06,+311.143660E-03,+267.184677E-03
+275.000E-06,+304.356491E-03,+269.040780E-03
+277.500E-06,+297.032155E-03,+271.252050E-03
+280.000E-06,+289.852667E-03,+273.965618E-03
+282.500E-06,+282.170290E-03,+276.836221E-03
+285.000E-06,+274.472317E-03,+278.723677E-03
+287.500E-06,+268.128310E-03,+279.812964E-03
+290.000E-06,+260.392917E-03,+281.113592E-03
+292.500E-06,+253.389363E-03,+282.015189E-03
+295.000E-06,+246.347581E-03,+283.506700E-03
+297.500E-06,+238.712854E-03,+284.725509E-03
+300.000E-06,+231.712009E-03,+285.890765E-03
+302.500E-06,+224.149193E-03,+287.351084E-03
+305.000E-06,+216.627153E-03,+288.431324E-03
+307.500E-06,+209.884279E-03,+289.480265E-03
+310.000E-06,+202.010371E-03,+290.435147E-03
+312.500E-06,+194.997342E-03,+291.418133E-03
+315.000E-06,+187.653942E-03,+292.137191E-03
+317.500E-06,+179.504032E-03,+292.916466E-03
+320.000E-06,+171.831129E-03,+293.390713E-03
+322.500E-06,+163.489638E-03,+294.593494E-03
+325.000E-06,+156.648966E-03,+295.673732E-03
+327.500E-06,+148.985757E-03,+295.815009E-03
+330.000E-06,+141.350815E-03,+295.783329E-03
+332.500E-06,+134.054687E-03,+296.298842E-03
+335.000E-06,+126.259678E-03,+295.654341E-03
+337.500E-06,+118.599446E-03,+293.741817E-03
+340.000E-06,+110.788406E-03,+293.007275E-03
+342.500E-06,+103.313860E-03,+293.557008E-03
+345.000E-06,+96.608292E-03,+295.070992E-03
+347.500E-06,+89.431838E-03,+296.565967E-03
+350.000E-06,+81.476435E-03,+297.887819E-03
+352.500E-06,+73.706003E-03,+298.170537E-03
+355.000E-06,+65.992655E-03,+297.812387E-03
+357.500E-06,+59.309181E-03,+295.808232E-03
+360.000E-06,+51.711708E-03,+293.638116E-03
+362.500E-06,+44.243279E-03,+291.857281E-03
+365.000E-06,+36.834414E-03,+290.588658E-03
+367.500E-06,+29.164870E-03,+289.530572E-03
+370.000E-06,+22.151678E-03,+289.583964E-03
+372.500E-06,+14.654763E-03,+289.951427E-03
+375.000E-06,+7.025993E-03,+290.318945E-03
+377.500E-06,-536.767E-06,+289.778189E-03
+380.000E-06,-8.467100E-03,+288.826944E-03
+382.500E-06,-15.354831E-03,+287.209204E-03
+385.000E-06,-22.339645E-03,+284.938364E-03
+387.500E-06,-29.704540E-03,+282.073874E-03
+390.000E-06,-36.535349E-03,+278.613265E-03
+392.500E-06,-43.124490E-03,+277.303591E-03
+395.000E-06,-50.649840E-03,+276.590931E-03
+397.500E-06,-57.050315E-03,+276.107095E-03
+400.000E-06,-64.613298E-03,+275.368694E-03
+402.500E-06,-71.940952E-03,+274.618178E-03
+405.000E-06,-78.938160E-03,+272.981535E-03
+407.500E-06,-85.649733E-03,+270.305430E-03
+410.000E-06,-92.471285E-03,+267.205724E-03
+412.500E-06,-99.286613E-03,+263.653588E-03
+415.000E-06,-106.284270E-03,+260.930541E-03
+417.500E-06,-113.052262E-03,+259.027443E-03
+420.000E-06,-119.308882E-03,+256.960972E-03
+422.500E-06,-126.372382E-03,+255.321525E-03
+425.000E-06,-133.316027E-03,+253.964853E-03
+427.500E-06,-138.849891E-03,+252.519847E-03
+430.000E-06,-145.690796E-03,+250.365437E-03
+432.500E-06,-152.084817E-03,+247.799312E-03
+435.000E-06,-157.939542E-03,+244.498149E-03
+437.500E-06,-164.456560E-03,+240.302565E-03
+440.000E-06,-171.205536E-03,+237.064386E-03
+442.500E-06,-177.276630E-03,+234.611496E-03
+445.000E-06,-183.765325E-03,+231.963939E-03
+447.500E-06,-189.911625E-03,+229.127770E-03
+450.000E-06,-195.831739E-03,+226.200577E-03
+452.500E-06,-201.645068E-03,+223.481126E-03
+455.000E-06,-207.622454E-03,+221.081400E-03
+457.500E-06,-212.493002E-03,+217.648268E-03
+460.000E-06,-217.304732E-03,+214.360008E-03
+462.500E-06,-222.967421E-03,+210.182929E-03
+465.000E-06,-228.689726E-03,+206.037428E-03
+467.500E-06,-233.802678E-03,+202.833624E-03
+470.000E-06,-238.837570E-03,+199.608464E-03
+472.500E-06,-244.597449E-03,+196.857323E-03
+475.000E-06,-250.040117E-03,+193.914139E-03
+477.500E-06,-254.292573E-03,+190.805014E-03
+480.000E-06,-259.006827E-03,+187.039195E-03
+482.500E-06,-264.688245E-03,+183.235630E-03
+485.000E-06,-269.072783E-03,+179.259556E-03
+487.500E-06,-273.265393E-03,+174.614282E-03
+490.000E-06,-277.684998E-03,+169.516862E-03
+492.500E-06,-282.361275E-03,+164.909622E-03
+495.000E-06,-287.031386E-03,+161.480320E-03
+497.500E-06,-291.123608E-03,+158.493337E-03
+500.000E-06,-294.716458E-03,+154.796902E-03
+502.500E-06,-298.755635E-03,+151.505213E-03
+505.000E-06,-302.979998E-03,+147.167958E-03
+507.500E-06,-306.827012E-03,+142.843209E-03
+510.000E-06,-310.488841E-03,+138.354969E-03
+512.500E-06,-313.874636E-03,+133.549518E-03
+515.000E-06,-317.439335E-03,+129.309742E-03
+517.500E-06,-321.091915E-03,+125.082470E-03
+520.000E-06,-324.659988E-03,+121.668642E-03
+522.500E-06,-328.255977E-03,+117.993960E-03
+525.000E-06,-331.384352E-03,+113.684797E-03
+527.500E-06,-334.367145E-03,+109.406983E-03
+530.000E-06,-336.864589E-03,+104.811958E-03
+532.500E-06,-339.807370E-03,+99.337652E-03
+535.000E-06,-342.520938E-03,+94.067668E-03
+537.500E-06,-345.061650E-03,+89.454091E-03
+540.000E-06,-347.677915E-03,+85.129634E-03
+542.500E-06,-349.819993E-03,+81.467456E-03
+545.000E-06,-351.854934E-03,+77.707975E-03
+547.500E-06,-353.824097E-03,+73.656466E-03
+550.000E-06,-355.127371E-03,+69.369405E-03
+552.500E-06,-356.788862E-03,+64.617344E-03
+555.000E-06,-358.660781E-03,+59.510323E-03
+557.500E-06,-360.221652E-03,+53.866773E-03
+560.000E-06,-361.832892E-03,+48.923423E-03
+562.500E-06,-362.947842E-03,+44.479386E-03
+565.000E-06,-364.426877E-03,+39.853188E-03
+567.500E-06,-365.488494E-03,+34.991378E-03
+570.000E-06,-366.685280E-03,+31.071780E-03
+572.500E-06,-367.643195E-03,+27.259024E-03
+575.000E-06,-368.726619E-03,+23.232286E-03
+577.500E-06,-369.539824E-03,+17.710631E-03
+580.000E-06,-369.838369E-03,+12.174164E-03
+582.500E-06,-370.171164E-03,+6.894284E-03
+585.000E-06,-370.466152E-03,+1.401193E-03
+587.500E-06,-370.485235E-03,-3.714895E-03
+590.000E-06,-370.642270E-03,-7.901215E-03
+592.500E-06,-370.328200E-03,-11.742296E-03
+595.000E-06,-369.791020E-03,-15.583377E-03
+597.500E-06,-369.367204E-03,-20.112332E-03
+600.000E-06,-368.584989E-03,-26.139641E-03
+602.500E-06,-367.956669E-03,-30.778342E-03
+605.000E-06,-367.121362E-03,-35.857159E-03
+607.500E-06,-366.138321E-03,-41.469598E-03
+610.000E-06,-365.312316E-03,-46.795692E-03
+612.500E-06,-364.266402E-03,-50.793808E-03
+615.000E-06,-363.318029E-03,-55.263030E-03
+617.500E-06,-362.293739E-03,-59.258125E-03
+620.000E-06,-360.959421E-03,-63.500735E-03
+622.500E-06,-359.860114E-03,-67.543423E-03
+625.000E-06,-358.785692E-03,-71.726720E-03
+627.500E-06,-356.964204E-03,-77.286068E-03
+630.000E-06,-355.139274E-03,-82.895245E-03
+632.500E-06,-353.204842E-03,-87.759712E-03
+635.000E-06,-350.993484E-03,-91.924224E-03
+637.500E-06,-348.295680E-03,-96.632563E-03
+640.000E-06,-345.886821E-03,-100.435956E-03
+642.500E-06,-343.383680E-03,-104.198277E-03
+645.000E-06,-341.106912E-03,-107.794444E-03
+647.500E-06,-338.436828E-03,-111.880621E-03
+650.000E-06,-335.057613E-03,-117.691288E-03
+652.500E-06,-331.803661E-03,-123.259574E-03
+655.000E-06,-328.722631E-03,-127.685008E-03
+657.500E-06,-325.726338E-03,-133.177856E-03
+660.000E-06,-322.736388E-03,-138.064548E-03
+662.500E-06,-319.401021E-03,-142.329562E-03
+665.000E-06,-315.195436E-03,-145.382021E-03
+667.500E-06,-311.423389E-03,-147.985726E-03
+670.000E-06,-308.194990E-03,-151.553933E-03
+672.500E-06,-305.117038E-03,-155.771959E-03
+675.000E-06,-301.514896E-03,-161.064107E-03
+677.500E-06,-296.737395E-03,-166.023156E-03
+680.000E-06,-292.622950E-03,-171.026420E-03
+682.500E-06,-288.709878E-03,-176.089050E-03
+685.000E-06,-284.752345E-03,-179.904883E-03
+687.500E-06,-280.267851E-03,-182.671966E-03
+690.000E-06,-275.823508E-03,-185.843892E-03
+692.500E-06,-271.332610E-03,-188.912422E-03
+695.000E-06,-267.139770E-03,-192.549604E-03
+697.500E-06,-261.828285E-03,-196.864993E-03
+700.000E-06,-256.445241E-03,-201.060973E-03
+702.500E-06,-251.649695E-03,-204.537486E-03
+705.000E-06,-246.979160E-03,-208.164937E-03
+707.500E-06,-241.617978E-03,-212.100486E-03
+710.000E-06,-236.859997E-03,-216.456519E-03
+712.500E-06,-232.513325E-03,-220.454635E-03
+715.000E-06,-227.908867E-03,-223.299679E-03
+717.500E-06,-221.834808E-03,-225.507656E-03
+720.000E-06,-216.297684E-03,-228.378508E-03
+722.500E-06,-211.002458E-03,-231.852126E-03
+725.000E-06,-204.701708E-03,-236.064059E-03
+727.500E-06,-198.809622E-03,-239.794780E-03
+730.000E-06,-192.808048E-03,-242.508535E-03
+732.500E-06,-185.876702E-03,-245.815634E-03
+735.000E-06,-179.975382E-03,-248.589000E-03
+737.500E-06,-174.347365E-03,-251.374680E-03
+740.000E-06,-167.890015E-03,-253.896540E-03
+742.500E-06,-161.661624E-03,-256.581905E-03
+745.000E-06,-155.838822E-03,-259.354708E-03
+747.500E-06,-149.456660E-03,-262.125435E-03
+750.000E-06,-142.469221E-03,-265.193589E-03
+752.500E-06,-136.554774E-03,-267.527195E-03
+755.000E-06,-130.069471E-03,-270.099620E-03
+757.500E-06,-123.432975E-03,-272.429834E-03
+760.000E-06,-117.377761E-03,-275.127636E-03
+762.500E-06,-110.402194E-03,-277.960614E-03
+765.000E-06,-103.608789E-03,-280.343841E-03
+767.500E-06,-96.978825E-03,-282.165953E-03
+770.000E-06,-90.040758E-03,-283.984358E-03
+772.500E-06,-83.319904E-03,-285.959987E-03
+775.000E-06,-76.576433E-03,-287.995037E-03
+777.500E-06,-69.246599E-03,-289.982913E-03
+780.000E-06,-62.773229E-03,-291.697990E-03
+782.500E-06,-55.568264E-03,-293.579209E-03
+785.000E-06,-48.168955E-03,-294.577509E-03
+787.500E-06,-41.714998E-03,-295.736492E-03
+790.000E-06,-34.333836E-03,-296.893096E-03
+792.500E-06,-26.868637E-03,-298.651319E-03
+795.000E-06,-19.843073E-03,-300.268908E-03
+797.500E-06,-12.446524E-03,-302.005590E-03
+800.000E-06,-5.235467E-03,-303.855401E-03
+802.500E-06,+1.740036E-03,-305.146422E-03
+805.000E-06,+9.192672E-03,-306.010243E-03
+807.500E-06,+16.507307E-03,-306.782282E-03
+810.000E-06,+23.973335E-03,-307.043024E-03
+812.500E-06,+30.898332E-03,-307.592584E-03
+815.000E-06,+37.911333E-03,-308.170793E-03
+817.500E-06,+45.945253E-03,-308.827200E-03
+820.000E-06,+53.750159E-03,-309.760053E-03
+822.500E-06,+61.869007E-03,-310.539076E-03
+825.000E-06,+68.712216E-03,-311.330277E-03
+827.500E-06,+75.257508E-03,-312.156282E-03
+830.000E-06,+82.936721E-03,-312.520540E-03
+832.500E-06,+90.379933E-03,-312.281782E-03
+835.000E-06,+98.005884E-03,-311.263872E-03
+837.500E-06,+105.835530E-03,-310.167831E-03
+840.000E-06,+113.596210E-03,-309.712622E-03
+842.500E-06,+121.278372E-03,-310.281283E-03
+845.000E-06,+128.134141E-03,-310.968904E-03
+847.500E-06,+135.427373E-03,-312.366840E-03
+850.000E-06,+143.587180E-03,-313.575817E-03
+852.500E-06,+151.702242E-03,-314.257350E-03
+855.000E-06,+159.846217E-03,-314.055827E-03
+857.500E-06,+166.871777E-03,-312.108720E-03
+860.000E-06,+174.120522E-03,-310.588619E-03
+862.500E-06,+181.856335E-03,-308.911159E-03
+865.000E-06,+188.690443E-03,-307.711540E-03
+867.500E-06,+196.457144E-03,-306.769718E-03
+870.000E-06,+203.687369E-03,-306.782281E-03
+872.500E-06,+211.017642E-03,-307.174804E-03
+875.000E-06,+218.869207E-03,-307.042764E-03
+877.500E-06,+225.828942E-03,-306.769979E-03
+880.000E-06,+233.319977E-03,-305.551190E-03
+882.500E-06,+240.694024E-03,-304.272010E-03
+885.000E-06,+247.892583E-03,-301.684396E-03
+887.500E-06,+255.835423E-03,-298.577913E-03
+890.000E-06,+263.140504E-03,-296.044150E-03
+892.500E-06,+269.864751E-03,-295.067260E-03
+895.000E-06,+277.770361E-03,-294.188059E-03
+897.500E-06,+284.918080E-03,-293.346482E-03
+900.000E-06,+292.817409E-03,-292.705451E-03
+902.500E-06,+299.098358E-03,-291.835278E-03
+905.000E-06,+305.141204E-03,-290.418689E-03
+907.500E-06,+312.009923E-03,-287.560517E-03
+910.000E-06,+319.192713E-03,-284.382191E-03
+912.500E-06,+325.904397E-03,-281.555491E-03
+915.000E-06,+332.842344E-03,-279.084021E-03
+917.500E-06,+339.563319E-03,-277.051985E-03
+920.000E-06,+346.196486E-03,-275.136420E-03
+922.500E-06,+352.977464E-03,-273.606831E-03
+925.000E-06,+359.619524E-03,-271.757022E-03
+927.500E-06,+365.395411E-03,-269.535950E-03
+930.000E-06,+371.906223E-03,-266.624517E-03
+932.500E-06,+378.190440E-03,-262.821257E-03
+935.000E-06,+383.667960E-03,-259.715034E-03
+937.500E-06,+390.587064E-03,-256.948207E-03
+940.000E-06,+396.902754E-03,-254.705744E-03
+942.500E-06,+402.358356E-03,-252.991185E-03
+945.000E-06,+407.977408E-03,-250.773715E-03
+947.500E-06,+414.208232E-03,-247.707989E-03
+950.000E-06,+420.046934E-03,-244.856097E-03
+952.500E-06,+426.218350E-03,-241.357419E-03
+955.000E-06,+432.207406E-03,-237.745743E-03
+957.500E-06,+437.942665E-03,-232.845844E-03
+960.000E-06,+443.592592E-03,-228.424067E-03
+962.500E-06,+449.396746E-03,-224.599224E-03
+965.000E-06,+454.742024E-03,-222.171259E-03
+967.500E-06,+460.090509E-03,-220.315170E-03
+970.000E-06,+464.631766E-03,-217.733511E-03
+972.500E-06,+470.455167E-03,-214.303528E-03
+975.000E-06,+475.542772E-03,-210.732279E-03
+977.500E-06,+479.795218E-03,-206.552338E-03
+980.000E-06,+484.352447E-03,-202.425856E-03
+982.500E-06,+489.032096E-03,-198.534322E-03
+985.000E-06,+493.871853E-03,-194.805903E-03
+987.500E-06,+498.375757E-03,-190.066446E-03
+990.000E-06,+502.392583E-03,-186.093860E-03
+992.500E-06,+506.494410E-03,-183.317343E-03
+995.000E-06,+511.541454E-03,-180.324454E-03
+997.500E-06,+515.803187E-03,-176.800449E-03
+1.000000E-03,+519.826631E-03,-172.855590E-03
+1.002500E-03,+523.403555E-03,-168.675448E-03
+1.005000E-03,+527.665761E-03,-163.542929E-03
+1.007500E-03,+532.332914E-03,-158.420644E-03
+1.010000E-03,+536.346802E-03,-152.987430E-03
+1.012500E-03,+540.005722E-03,-148.625059E-03
+1.015000E-03,+543.356989E-03,-145.195818E-03
+1.017500E-03,+547.508660E-03,-142.419707E-03
+1.020000E-03,+551.318470E-03,-138.615568E-03
+1.022500E-03,+554.798438E-03,-134.246984E-03
+1.025000E-03,+557.954438E-03,-129.403747E-03
+1.027500E-03,+560.316111E-03,-124.346941E-03
+1.030000E-03,+562.831951E-03,-118.879112E-03
+1.032500E-03,+565.611611E-03,-113.144118E-03
+1.035000E-03,+568.479278E-03,-108.951687E-03
+1.037500E-03,+571.160689E-03,-105.707408E-03
+1.040000E-03,+573.704795E-03,-102.167835E-03
+1.042500E-03,+576.412150E-03,-98.618566E-03
+1.045000E-03,+578.447258E-03,-94.677119E-03
+1.047500E-03,+579.948651E-03,-90.456013E-03
+1.050000E-03,+581.587756E-03,-86.093507E-03
+1.052500E-03,+582.897430E-03,-80.707200E-03
+1.055000E-03,+584.395889E-03,-74.579480E-03
+1.057500E-03,+585.696071E-03,-69.177538E-03
+1.060000E-03,+587.140521E-03,-64.601532E-03
+1.062500E-03,+588.685816E-03,-59.633420E-03
+1.065000E-03,+589.681350E-03,-55.676133E-03
+1.067500E-03,+591.101292E-03,-52.104740E-03
+1.070000E-03,+591.832870E-03,-48.816629E-03
+1.072500E-03,+592.903712E-03,-44.447772E-03
+1.075000E-03,+593.757707E-03,-38.888312E-03
+1.077500E-03,+594.103323E-03,-33.191213E-03
+1.080000E-03,+593.895829E-03,-27.499981E-03
+1.082500E-03,+594.216526E-03,-21.542204E-03
+1.085000E-03,+594.191401E-03,-16.024402E-03
+1.087500E-03,+594.229228E-03,-11.847335E-03
+1.090000E-03,+594.241444E-03,-8.078421E-03
+1.092500E-03,+594.200893E-03,-4.589237E-03
+1.095000E-03,+593.760431E-03,-355.568E-06
+1.097500E-03,+593.946288E-03,+4.588178E-03
+1.100000E-03,+593.270967E-03,+8.944126E-03
+1.102500E-03,+592.620772E-03,+13.495353E-03
+1.105000E-03,+592.240955E-03,+19.538068E-03
+1.107500E-03,+591.474276E-03,+25.316754E-03
+1.110000E-03,+590.506869E-03,+29.999196E-03
+1.112500E-03,+589.611838E-03,+34.791979E-03
+1.115000E-03,+589.027876E-03,+39.475048E-03
+1.117500E-03,+588.144989E-03,+43.051891E-03
+1.120000E-03,+587.092993E-03,+46.566199E-03
+1.122500E-03,+585.651410E-03,+50.637040E-03
+1.125000E-03,+584.052792E-03,+55.709627E-03
+1.127500E-03,+582.124050E-03,+61.438201E-03
+1.130000E-03,+579.988511E-03,+66.770906E-03
+1.132500E-03,+577.877958E-03,+71.909098E-03
+1.135000E-03,+575.503516E-03,+77.125807E-03
+1.137500E-03,+573.185746E-03,+81.965001E-03
+1.140000E-03,+571.081615E-03,+85.665171E-03
+1.142500E-03,+568.826309E-03,+88.504227E-03
+1.145000E-03,+566.361067E-03,+91.733152E-03
+1.147500E-03,+563.487253E-03,+95.583585E-03
+1.150000E-03,+560.230061E-03,+100.181716E-03
+1.152500E-03,+557.005192E-03,+105.241390E-03
+1.155000E-03,+554.297200E-03,+110.719060E-03
+1.157500E-03,+550.968337E-03,+117.201685E-03
+1.160000E-03,+547.946909E-03,+122.050508E-03
+1.162500E-03,+543.992551E-03,+126.155055E-03
+1.165000E-03,+540.436920E-03,+129.694629E-03
+1.167500E-03,+536.923109E-03,+132.449026E-03
+1.170000E-03,+533.540359E-03,+135.526987E-03
+1.172500E-03,+529.758809E-03,+139.135585E-03
+1.175000E-03,+525.634923E-03,+143.759127E-03
+1.177500E-03,+521.599473E-03,+148.036695E-03
+1.180000E-03,+517.717705E-03,+153.011286E-03
+1.182500E-03,+513.659703E-03,+158.548702E-03
+1.185000E-03,+509.309757E-03,+163.400948E-03
+1.187500E-03,+504.906419E-03,+167.282431E-03
+1.190000E-03,+501.093889E-03,+170.467033E-03
+1.192500E-03,+496.960295E-03,+173.576544E-03
+1.195000E-03,+492.867887E-03,+176.911615E-03
+1.197500E-03,+487.851897E-03,+180.448476E-03
+1.200000E-03,+482.858606E-03,+184.147940E-03
+1.202500E-03,+478.241700E-03,+187.404707E-03
+1.205000E-03,+473.304084E-03,+191.136077E-03
+1.207500E-03,+468.040622E-03,+195.389163E-03
+1.210000E-03,+463.059465E-03,+199.870303E-03
+1.212500E-03,+457.701281E-03,+203.353487E-03
+1.215000E-03,+451.762353E-03,+206.261420E-03
+1.217500E-03,+445.851692E-03,+208.397242E-03
+1.220000E-03,+440.870248E-03,+211.117164E-03
+1.222500E-03,+435.267304E-03,+214.481073E-03
+1.225000E-03,+428.806517E-03,+218.335076E-03
+1.227500E-03,+423.628071E-03,+221.899632E-03
+1.230000E-03,+418.401220E-03,+225.659127E-03
+1.232500E-03,+411.683615E-03,+229.393496E-03
+1.235000E-03,+405.954970E-03,+232.894804E-03
+1.237500E-03,+400.398993E-03,+236.048215E-03
+1.240000E-03,+394.246065E-03,+238.064259E-03
+1.242500E-03,+388.536482E-03,+239.587428E-03
+1.245000E-03,+383.096638E-03,+241.443946E-03
+1.247500E-03,+376.686316E-03,+244.289423E-03
+1.250000E-03,+369.698684E-03,+246.977866E-03
+1.252500E-03,+363.300853E-03,+249.728761E-03
+1.255000E-03,+356.293435E-03,+252.901017E-03
+1.257500E-03,+349.607601E-03,+255.627148E-03
+1.260000E-03,+343.558388E-03,+258.573491E-03
+1.262500E-03,+336.705081E-03,+260.733787E-03
+1.265000E-03,+330.141445E-03,+262.074940E-03
+1.267500E-03,+324.208510E-03,+263.469486E-03
+1.270000E-03,+317.204668E-03,+265.039765E-03
+1.272500E-03,+310.245086E-03,+267.238404E-03
+1.275000E-03,+303.350877E-03,+269.527904E-03
+1.277500E-03,+295.734669E-03,+271.826462E-03
+1.280000E-03,+288.765666E-03,+273.991209E-03
+1.282500E-03,+281.202705E-03,+276.757878E-03
+1.285000E-03,+273.730970E-03,+278.664066E-03
+1.287500E-03,+266.918710E-03,+280.221709E-03
+1.290000E-03,+259.180089E-03,+281.176117E-03
+1.292500E-03,+252.515588E-03,+282.376159E-03
+1.295000E-03,+245.219367E-03,+283.663774E-03
+1.297500E-03,+237.465408E-03,+285.055033E-03
+1.300000E-03,+230.627949E-03,+286.314748E-03
+1.302500E-03,+223.212600E-03,+287.693444E-03
+1.305000E-03,+215.838521E-03,+288.861712E-03
+1.307500E-03,+209.003761E-03,+289.446324E-03
+1.310000E-03,+200.885409E-03,+290.108498E-03
+1.312500E-03,+193.897416E-03,+290.790325E-03
+1.315000E-03,+186.739751E-03,+291.905202E-03
+1.317500E-03,+178.344134E-03,+292.859755E-03
+1.320000E-03,+170.765689E-03,+293.623093E-03
+1.322500E-03,+162.590657E-03,+294.706931E-03
+1.325000E-03,+155.471050E-03,+295.893527E-03
+1.327500E-03,+148.426008E-03,+295.664403E-03
+1.330000E-03,+140.367036E-03,+295.824358E-03
+1.332500E-03,+133.212364E-03,+296.107169E-03
+1.335000E-03,+125.209776E-03,+295.717352E-03
+1.337500E-03,+117.625272E-03,+294.275768E-03
+1.340000E-03,+110.140826E-03,+293.481244E-03
+1.342500E-03,+102.214208E-03,+293.745879E-03
+1.345000E-03,+95.828860E-03,+294.847970E-03
+1.347500E-03,+88.391896E-03,+296.562645E-03
+1.350000E-03,+80.690816E-03,+297.526916E-03
+1.352500E-03,+72.961692E-03,+298.004228E-03
+1.355000E-03,+65.162878E-03,+297.665033E-03
+1.357500E-03,+58.159405E-03,+295.629485E-03
+1.360000E-03,+50.768957E-03,+293.779685E-03
+1.362500E-03,+43.284957E-03,+291.983277E-03
+1.365000E-03,+35.942066E-03,+290.824133E-03
+1.367500E-03,+28.265961E-03,+290.048454E-03
+1.370000E-03,+20.948270E-03,+289.426968E-03
+1.372500E-03,+13.648901E-03,+289.756518E-03
+1.375000E-03,+6.083244E-03,+290.240111E-03
+1.377500E-03,-1.231381E-03,+289.794131E-03
+1.380000E-03,-9.045602E-03,+288.720010E-03
+1.382500E-03,-16.250078E-03,+287.362852E-03
+1.385000E-03,-23.125304E-03,+285.346145E-03
+1.387500E-03,-30.662618E-03,+282.403155E-03
+1.390000E-03,-37.324126E-03,+279.608229E-03
+1.392500E-03,-44.098850E-03,+277.428805E-03
+1.395000E-03,-51.736741E-03,+276.665840E-03
+1.397500E-03,-58.272471E-03,+275.959632E-03
+1.400000E-03,-65.650361E-03,+275.667472E-03
+1.402500E-03,-72.902623E-03,+274.520663E-03
+1.405000E-03,-79.670689E-03,+273.308125E-03
+1.407500E-03,-86.712148E-03,+270.594406E-03
+1.410000E-03,-93.825239E-03,+267.463275E-03
+1.412500E-03,-100.009134E-03,+263.936114E-03
+1.415000E-03,-106.991372E-03,+261.006366E-03
+1.417500E-03,-113.746951E-03,+259.027269E-03
+1.420000E-03,-120.094541E-03,+257.039355E-03
+1.422500E-03,-127.456805E-03,+255.774105E-03
+1.425000E-03,-133.897632E-03,+254.074530E-03
+1.427500E-03,-139.613258E-03,+252.749153E-03
+1.430000E-03,-146.636479E-03,+250.877141E-03
+1.432500E-03,-152.785977E-03,+247.852416E-03
+1.435000E-03,-158.674646E-03,+244.523118E-03
+1.437500E-03,-165.477638E-03,+240.773345E-03
+1.440000E-03,-172.280175E-03,+237.390731E-03
+1.442500E-03,-178.225984E-03,+234.689801E-03
+1.445000E-03,-184.783165E-03,+231.765806E-03
+1.447500E-03,-191.004748E-03,+228.920328E-03
+1.450000E-03,-196.476006E-03,+225.996714E-03
+1.452500E-03,-202.682190E-03,+223.638045E-03
+1.455000E-03,-208.464226E-03,+220.942863E-03
+1.457500E-03,-213.435502E-03,+217.918212E-03
+1.460000E-03,-218.197497E-03,+214.300351E-03
+1.462500E-03,-223.768877E-03,+210.355627E-03
+1.465000E-03,-229.331447E-03,+206.316299E-03
+1.467500E-03,-234.817338E-03,+202.642287E-03
+1.470000E-03,-240.009535E-03,+199.777736E-03
+1.472500E-03,-245.338543E-03,+197.014223E-03
+1.475000E-03,-250.432995E-03,+193.961458E-03
+1.477500E-03,-254.990233E-03,+190.569268E-03
+1.480000E-03,-260.015513E-03,+187.195999E-03
+1.482500E-03,-264.940521E-03,+183.775464E-03
+1.485000E-03,-270.096865E-03,+179.887427E-03
+1.487500E-03,-274.176563E-03,+174.990915E-03
+1.490000E-03,-278.410232E-03,+170.116466E-03
+1.492500E-03,-282.951998E-03,+165.610018E-03
+1.495000E-03,-287.788759E-03,+161.928958E-03
+1.497500E-03,-291.911732E-03,+158.650140E-03
+1.500000E-03,-295.501788E-03,+155.188853E-03
+1.502500E-03,-299.318052E-03,+151.178406E-03
+1.505000E-03,-303.423030E-03,+147.399907E-03
+1.507500E-03,-307.731844E-03,+143.075235E-03
+1.510000E-03,-311.208680E-03,+138.505201E-03
+1.512500E-03,-314.848602E-03,+133.721986E-03
+1.515000E-03,-318.457038E-03,+129.067463E-03
+1.517500E-03,-321.937093E-03,+125.072875E-03
+1.520000E-03,-325.567747E-03,+121.197324E-03
+1.522500E-03,-329.056681E-03,+117.434528E-03
+1.525000E-03,-332.436466E-03,+113.558588E-03
+1.527500E-03,-335.024640E-03,+109.485173E-03
+1.530000E-03,-337.722116E-03,+104.620533E-03
+1.532500E-03,-340.652626E-03,+99.855852E-03
+1.535000E-03,-343.321602E-03,+94.145819E-03
+1.537500E-03,-345.956808E-03,+89.375245E-03
+1.540000E-03,-348.444713E-03,+85.251812E-03
+1.542500E-03,-351.010278E-03,+81.570361E-03
+1.545000E-03,-352.954296E-03,+77.472132E-03
+1.547500E-03,-354.926502E-03,+73.650052E-03
+1.550000E-03,-356.509495E-03,+69.118329E-03
+1.552500E-03,-357.894233E-03,+64.645184E-03
+1.555000E-03,-359.562337E-03,+59.620214E-03
+1.557500E-03,-360.928387E-03,+54.315252E-03
+1.560000E-03,-362.473770E-03,+49.171327E-03
+1.562500E-03,-363.889993E-03,+44.321924E-03
+1.565000E-03,-364.885517E-03,+39.262250E-03
+1.567500E-03,-366.273708E-03,+34.570116E-03
+1.570000E-03,-367.306921E-03,+30.600423E-03
+1.572500E-03,-368.485157E-03,+27.230448E-03
+1.575000E-03,-369.511853E-03,+23.184985E-03
+1.577500E-03,-369.788235E-03,+18.109214E-03
+1.580000E-03,-370.674071E-03,+12.377666E-03
+1.582500E-03,-370.746386E-03,+7.186082E-03
+1.585000E-03,-371.226362E-03,+1.768525E-03
+1.587500E-03,-371.333382E-03,-3.479276E-03
+1.590000E-03,-371.075529E-03,-7.822948E-03
+1.592500E-03,-371.081574E-03,-11.880501E-03
+1.595000E-03,-370.563752E-03,-15.746865E-03
+1.597500E-03,-370.283755E-03,-20.370377E-03
+1.600000E-03,-369.479577E-03,-25.747420E-03
+1.602500E-03,-368.584713E-03,-30.674789E-03
+1.605000E-03,-368.122554E-03,-35.891973E-03
+1.607500E-03,-367.080474E-03,-41.451019E-03
+1.610000E-03,-366.037285E-03,-46.626662E-03
+1.612500E-03,-365.146039E-03,-51.076881E-03
+1.615000E-03,-364.310532E-03,-55.206907E-03
+1.617500E-03,-363.305348E-03,-59.502913E-03
+1.620000E-03,-361.983032E-03,-63.940966E-03
+1.622500E-03,-360.961985E-03,-67.662859E-03
+1.625000E-03,-359.492375E-03,-71.962483E-03
+1.627500E-03,-358.038388E-03,-76.865281E-03
+1.630000E-03,-355.952722E-03,-82.688465E-03
+1.632500E-03,-353.741188E-03,-87.527652E-03
+1.635000E-03,-351.671623E-03,-91.246086E-03
+1.637500E-03,-348.876317E-03,-95.941997E-03
+1.640000E-03,-346.671862E-03,-100.812750E-03
+1.642500E-03,-344.353782E-03,-104.226535E-03
+1.645000E-03,-341.822615E-03,-108.030247E-03
+1.647500E-03,-339.196906E-03,-112.258195E-03
+1.650000E-03,-336.046300E-03,-117.267618E-03
+1.652500E-03,-332.686067E-03,-122.691373E-03
+1.655000E-03,-329.617920E-03,-127.581450E-03
+1.657500E-03,-326.957583E-03,-132.760791E-03
+1.660000E-03,-323.738121E-03,-137.443581E-03
+1.662500E-03,-320.327156E-03,-141.859090E-03
+1.665000E-03,-316.442185E-03,-145.599187E-03
+1.667500E-03,-312.397120E-03,-148.007946E-03
+1.670000E-03,-309.146491E-03,-151.908780E-03
+1.672500E-03,-306.065138E-03,-156.001681E-03
+1.675000E-03,-302.346786E-03,-161.394109E-03
+1.677500E-03,-297.987328E-03,-166.152275E-03
+1.680000E-03,-293.753659E-03,-170.910442E-03
+1.682500E-03,-289.595609E-03,-175.435954E-03
+1.685000E-03,-285.729484E-03,-179.170493E-03
+1.687500E-03,-281.131009E-03,-182.515424E-03
+1.690000E-03,-276.554841E-03,-186.067156E-03
+1.692500E-03,-272.110826E-03,-188.962724E-03
+1.695000E-03,-267.867330E-03,-192.433768E-03
+1.697500E-03,-262.927164E-03,-196.629749E-03
+1.700000E-03,-257.653841E-03,-201.092446E-03
+1.702500E-03,-252.509936E-03,-204.688309E-03
+1.705000E-03,-247.851866E-03,-208.253008E-03
+1.707500E-03,-242.808220E-03,-211.817707E-03
+1.710000E-03,-237.660200E-03,-216.221217E-03
+1.712500E-03,-233.439338E-03,-219.967833E-03
+1.715000E-03,-228.618032E-03,-223.042501E-03
+1.717500E-03,-222.481747E-03,-225.127929E-03
+1.720000E-03,-217.167269E-03,-228.300202E-03
+1.722500E-03,-211.683111E-03,-231.953085E-03
+1.725000E-03,-205.502695E-03,-236.142866E-03
+1.727500E-03,-199.303190E-03,-239.822711E-03
+1.730000E-03,-193.514301E-03,-242.712485E-03
+1.732500E-03,-187.154131E-03,-245.727805E-03
+1.735000E-03,-180.920324E-03,-248.054904E-03
+1.737500E-03,-175.272847E-03,-251.092046E-03
+1.740000E-03,-168.680919E-03,-253.924879E-03
+1.742500E-03,-162.644158E-03,-256.660596E-03
+1.745000E-03,-157.119905E-03,-259.217129E-03
+1.747500E-03,-150.294582E-03,-262.242119E-03
+1.750000E-03,-143.489250E-03,-264.958582E-03
+1.752500E-03,-137.459099E-03,-267.473794E-03
+1.755000E-03,-130.875937E-03,-269.646996E-03
+1.757500E-03,-124.296244E-03,-272.235347E-03
+1.760000E-03,-118.419905E-03,-275.099422E-03
+1.762500E-03,-111.767729E-03,-277.804144E-03
+1.765000E-03,-104.717260E-03,-279.829652E-03
+1.767500E-03,-98.234682E-03,-282.225927E-03
+1.770000E-03,-90.869237E-03,-283.792726E-03
+1.772500E-03,-84.418726E-03,-286.029072E-03
+1.775000E-03,-77.486614E-03,-287.838118E-03
+1.777500E-03,-70.348289E-03,-289.685017E-03
+1.780000E-03,-63.884720E-03,-291.468936E-03
+1.782500E-03,-56.799210E-03,-293.494608E-03
+1.785000E-03,-49.738824E-03,-294.543438E-03
+1.787500E-03,-43.096566E-03,-295.783685E-03
+1.790000E-03,-35.589539E-03,-296.895743E-03
+1.792500E-03,-27.886303E-03,-298.506675E-03
+1.795000E-03,-20.982373E-03,-300.288034E-03
+1.797500E-03,-13.385175E-03,-301.921035E-03
+1.800000E-03,-6.334627E-03,-303.855874E-03
+1.802500E-03,+512.440E-06,-305.202904E-03
+1.805000E-03,+7.936815E-03,-306.022296E-03
+1.807500E-03,+15.327058E-03,-306.437201E-03
+1.810000E-03,+23.021699E-03,-306.936573E-03
+1.812500E-03,+30.191843E-03,-307.749766E-03
+1.815000E-03,+37.167680E-03,-308.076233E-03
+1.817500E-03,+44.975053E-03,-308.645200E-03
+1.820000E-03,+52.767556E-03,-309.562202E-03
+1.822500E-03,+60.842306E-03,-310.447630E-03
+1.825000E-03,+67.990215E-03,-311.377279E-03
+1.827500E-03,+74.322208E-03,-311.835821E-03
+1.830000E-03,+81.866012E-03,-312.529917E-03
+1.832500E-03,+89.586113E-03,-312.617773E-03
+1.835000E-03,+97.265302E-03,-311.823008E-03
+1.837500E-03,+104.784231E-03,-310.403326E-03
+1.840000E-03,+112.259107E-03,-309.869657E-03
+1.842500E-03,+120.336662E-03,-310.347128E-03
+1.845000E-03,+127.029083E-03,-311.101149E-03
+1.847500E-03,+134.250149E-03,-312.247422E-03
+1.850000E-03,+142.660619E-03,-313.371626E-03
+1.852500E-03,+150.698100E-03,-314.386661E-03
+1.855000E-03,+158.882438E-03,-313.798089E-03
+1.857500E-03,+165.713470E-03,-312.363208E-03
+1.860000E-03,+173.320507E-03,-310.742521E-03
+1.862500E-03,+180.820087E-03,-309.366892E-03
+1.865000E-03,+187.962133E-03,-307.626858E-03
+1.867500E-03,+195.622731E-03,-306.728954E-03
+1.870000E-03,+202.852294E-03,-306.546709E-03
+1.872500E-03,+210.364690E-03,-306.622508E-03
+1.875000E-03,+217.849409E-03,-306.886074E-03
+1.877500E-03,+224.953175E-03,-306.766389E-03
+1.880000E-03,+232.403347E-03,-306.097419E-03
+1.882500E-03,+239.789860E-03,-304.595740E-03
+1.885000E-03,+246.935554E-03,-302.284012E-03
+1.887500E-03,+254.909463E-03,-299.205784E-03
+1.890000E-03,+262.041663E-03,-296.286115E-03
+1.892500E-03,+269.407207E-03,-295.164375E-03
+1.895000E-03,+276.423286E-03,-294.105788E-03
+1.897500E-03,+283.882458E-03,-293.302447E-03
+1.900000E-03,+291.781243E-03,-292.689840E-03
+1.902500E-03,+298.078015E-03,-291.851272E-03
+1.905000E-03,+304.067847E-03,-290.666801E-03
+1.907500E-03,+311.272708E-03,-287.868179E-03
+1.910000E-03,+318.307204E-03,-284.789864E-03
+1.912500E-03,+324.758380E-03,-281.712314E-03
+1.915000E-03,+331.787446E-03,-279.391078E-03
+1.917500E-03,+338.957673E-03,-277.243263E-03
+1.920000E-03,+345.421242E-03,-274.950804E-03
+1.922500E-03,+352.126474E-03,-273.446663E-03
+1.925000E-03,+358.835103E-03,-271.552648E-03
+1.927500E-03,+364.487773E-03,-269.781376E-03
+1.930000E-03,+371.036995E-03,-267.089451E-03
+1.932500E-03,+377.245654E-03,-263.558702E-03
+1.935000E-03,+382.842559E-03,-260.145355E-03
+1.937500E-03,+389.566892E-03,-257.183586E-03
+1.940000E-03,+395.898466E-03,-254.812697E-03
+1.942500E-03,+401.231038E-03,-252.359550E-03
+1.945000E-03,+406.912915E-03,-249.950802E-03
+1.947500E-03,+413.508479E-03,-247.258446E-03
+1.950000E-03,+419.230584E-03,-244.306614E-03
+1.952500E-03,+425.430334E-03,-241.304444E-03
+1.955000E-03,+431.426368E-03,-238.207280E-03
+1.957500E-03,+436.953319E-03,-233.725754E-03
+1.960000E-03,+442.729245E-03,-228.963845E-03
+1.962500E-03,+448.423858E-03,-225.022347E-03
+1.965000E-03,+454.114211E-03,-222.171105E-03
+1.967500E-03,+459.161322E-03,-219.916079E-03
+1.970000E-03,+463.960491E-03,-217.340788E-03
+1.972500E-03,+469.532100E-03,-213.970468E-03
+1.975000E-03,+474.962118E-03,-210.072509E-03
+1.977500E-03,+479.333632E-03,-206.542876E-03
+1.980000E-03,+483.410525E-03,-202.710526E-03
+1.982500E-03,+488.187709E-03,-198.898230E-03
+1.985000E-03,+493.228712E-03,-194.811741E-03
+1.987500E-03,+497.418238E-03,-190.396258E-03
+1.990000E-03,+501.686195E-03,-186.335241E-03
+1.992500E-03,+505.793976E-03,-182.805263E-03
+1.995000E-03,+510.546208E-03,-179.699020E-03
+1.997500E-03,+515.147339E-03,-176.341781E-03
+2.000000E-03,+518.884516E-03,-172.776648E-03
+2.002500E-03,+522.531221E-03,-168.489587E-03
+2.005000E-03,+526.962755E-03,-163.992012E-03
+2.007500E-03,+531.438519E-03,-158.727757E-03
+2.010000E-03,+535.420148E-03,-153.658922E-03
+2.012500E-03,+539.189254E-03,-148.734907E-03
+2.015000E-03,+542.483940E-03,-145.182771E-03
+2.017500E-03,+546.233941E-03,-141.935370E-03
+2.020000E-03,+549.936395E-03,-138.222710E-03
+2.022500E-03,+553.743539E-03,-134.193099E-03
+2.025000E-03,+556.824308E-03,-129.497921E-03
+2.027500E-03,+559.493207E-03,-124.657834E-03
+2.030000E-03,+561.877176E-03,-118.825722E-03
+2.032500E-03,+564.609676E-03,-113.753310E-03
+2.035000E-03,+567.219776E-03,-109.695608E-03
+2.037500E-03,+570.078254E-03,-105.895531E-03
+2.040000E-03,+572.831951E-03,-102.343132E-03
+2.042500E-03,+575.087240E-03,-98.797365E-03
+2.045000E-03,+577.250571E-03,-94.303281E-03
+2.047500E-03,+578.997417E-03,-90.377225E-03
+2.050000E-03,+580.614792E-03,-86.030754E-03
+2.052500E-03,+581.864704E-03,-80.634410E-03
+2.055000E-03,+583.302707E-03,-74.811721E-03
+2.057500E-03,+584.647368E-03,-69.642562E-03
+2.060000E-03,+586.091916E-03,-64.613855E-03
+2.062500E-03,+587.743398E-03,-60.103628E-03
+2.065000E-03,+588.953450E-03,-55.911493E-03
+2.067500E-03,+589.813298E-03,-51.843841E-03
+2.070000E-03,+590.887419E-03,-48.461391E-03
+2.072500E-03,+591.839405E-03,-44.347157E-03
+2.075000E-03,+592.878625E-03,-39.233120E-03
+2.077500E-03,+593.318147E-03,-33.194076E-03
+2.080000E-03,+593.447181E-03,-27.854790E-03
+2.082500E-03,+593.239629E-03,-21.912490E-03
+2.085000E-03,+593.293287E-03,-15.828681E-03
+2.087500E-03,+593.412191E-03,-11.423424E-03
+2.090000E-03,+593.361585E-03,-7.818073E-03
+2.092500E-03,+593.456072E-03,-4.347063E-03
+2.095000E-03,+593.101172E-03,-204.475E-06
+2.097500E-03,+592.649000E-03,+4.252184E-03
+2.100000E-03,+592.124502E-03,+8.614444E-03
+2.102500E-03,+591.669278E-03,+13.809790E-03
+2.105000E-03,+591.065729E-03,+19.472213E-03
+2.107500E-03,+590.255961E-03,+25.455076E-03
+2.110000E-03,+589.558458E-03,+30.364530E-03
+2.112500E-03,+588.779741E-03,+35.043823E-03
+2.115000E-03,+587.956788E-03,+39.346499E-03
+2.117500E-03,+586.923407E-03,+43.441709E-03
+2.120000E-03,+585.598209E-03,+46.644871E-03
+2.122500E-03,+584.263320E-03,+50.206786E-03
+2.125000E-03,+582.796523E-03,+55.317247E-03
+2.127500E-03,+581.053253E-03,+61.021033E-03
+2.130000E-03,+579.228236E-03,+66.353591E-03
+2.132500E-03,+576.645863E-03,+71.871808E-03
+2.135000E-03,+574.196918E-03,+77.211183E-03
+2.137500E-03,+572.071019E-03,+81.918651E-03
+2.140000E-03,+569.910215E-03,+85.583674E-03
+2.142500E-03,+567.717556E-03,+88.592289E-03
+2.145000E-03,+565.362118E-03,+91.563575E-03
+2.147500E-03,+562.412728E-03,+95.524540E-03
+2.150000E-03,+559.397203E-03,+100.323536E-03
+2.152500E-03,+555.870821E-03,+105.141466E-03
+2.155000E-03,+553.040688E-03,+110.797964E-03
+2.157500E-03,+550.110680E-03,+116.919016E-03
+2.160000E-03,+547.262331E-03,+122.066090E-03
+2.162500E-03,+543.223476E-03,+126.344089E-03
+2.165000E-03,+539.274982E-03,+129.729498E-03
+2.167500E-03,+535.826219E-03,+132.606293E-03
+2.170000E-03,+532.371895E-03,+135.577219E-03
+2.172500E-03,+528.659312E-03,+139.205183E-03
+2.175000E-03,+524.535387E-03,+143.476630E-03
+2.177500E-03,+520.393340E-03,+147.845801E-03
+2.180000E-03,+516.350893E-03,+152.813763E-03
+2.182500E-03,+512.563114E-03,+158.812688E-03
+2.185000E-03,+508.420525E-03,+163.717925E-03
+2.187500E-03,+503.885349E-03,+167.361141E-03
+2.190000E-03,+499.664243E-03,+170.363745E-03
+2.192500E-03,+495.842549E-03,+173.262705E-03
+2.195000E-03,+491.532779E-03,+177.075429E-03
+2.197500E-03,+486.723908E-03,+180.577405E-03
+2.200000E-03,+481.758636E-03,+184.054255E-03
+2.202500E-03,+477.286273E-03,+187.417768E-03
+2.205000E-03,+472.550364E-03,+191.140137E-03
+2.207500E-03,+467.019584E-03,+195.241533E-03
+2.210000E-03,+461.586530E-03,+200.027512E-03
+2.212500E-03,+456.429131E-03,+203.683746E-03
+2.215000E-03,+450.624928E-03,+206.142371E-03
+2.217500E-03,+444.607885E-03,+208.391024E-03
+2.220000E-03,+439.692137E-03,+211.249611E-03
+2.222500E-03,+434.089213E-03,+214.582081E-03
+2.225000E-03,+427.581127E-03,+218.570501E-03
+2.227500E-03,+422.694830E-03,+222.241711E-03
+2.230000E-03,+417.176339E-03,+225.652150E-03
+2.232500E-03,+410.860018E-03,+229.531832E-03
+2.235000E-03,+404.936925E-03,+233.039816E-03
+2.237500E-03,+399.252525E-03,+235.671452E-03
+2.240000E-03,+393.134342E-03,+237.863023E-03
+2.242500E-03,+387.160540E-03,+239.317169E-03
+2.245000E-03,+381.444459E-03,+241.522675E-03
+2.247500E-03,+375.024310E-03,+244.066737E-03
+2.250000E-03,+368.285092E-03,+247.056321E-03
+2.252500E-03,+362.254757E-03,+249.732568E-03
+2.255000E-03,+355.036594E-03,+252.983105E-03
+2.257500E-03,+348.432795E-03,+255.907100E-03
+2.260000E-03,+342.229721E-03,+258.431951E-03
+2.262500E-03,+335.024579E-03,+260.592663E-03
+2.265000E-03,+328.590104E-03,+261.986860E-03
+2.267500E-03,+322.942474E-03,+263.400453E-03
+2.270000E-03,+315.812800E-03,+264.826240E-03
+2.272500E-03,+309.066936E-03,+267.508586E-03
+2.275000E-03,+301.984096E-03,+269.685094E-03
+2.277500E-03,+294.139355E-03,+271.802020E-03
+2.280000E-03,+287.568357E-03,+274.889056E-03
+2.282500E-03,+279.989284E-03,+277.084500E-03
+2.285000E-03,+272.732040E-03,+278.940748E-03
+2.287500E-03,+265.819443E-03,+279.891827E-03
+2.290000E-03,+258.124257E-03,+280.815841E-03
+2.292500E-03,+251.192631E-03,+282.206896E-03
+2.295000E-03,+243.805510E-03,+283.406830E-03
+2.297500E-03,+236.299412E-03,+285.429351E-03
+2.300000E-03,+229.607220E-03,+286.628915E-03
+2.302500E-03,+221.748438E-03,+287.900900E-03
+2.305000E-03,+214.782542E-03,+289.216577E-03
+2.307500E-03,+207.713095E-03,+289.662557E-03
+2.310000E-03,+199.904748E-03,+290.450502E-03
+2.312500E-03,+192.562432E-03,+290.947383E-03
+2.315000E-03,+185.247454E-03,+291.525180E-03
+2.317500E-03,+177.436616E-03,+292.310170E-03
+2.320000E-03,+169.669190E-03,+293.384291E-03
+2.322500E-03,+161.283697E-03,+294.800841E-03
+2.325000E-03,+154.606932E-03,+295.815009E-03
+2.327500E-03,+147.021853E-03,+296.138781E-03
+2.330000E-03,+139.377659E-03,+296.295444E-03
+2.332500E-03,+132.203918E-03,+296.512619E-03
+2.335000E-03,+124.094714E-03,+295.707666E-03
+2.337500E-03,+116.604042E-03,+294.134640E-03
+2.340000E-03,+108.691861E-03,+293.069661E-03
+2.342500E-03,+101.042414E-03,+293.610142E-03
+2.345000E-03,+94.861415E-03,+295.071224E-03
+2.347500E-03,+87.008626E-03,+296.368147E-03
+2.350000E-03,+79.622439E-03,+297.872357E-03
+2.352500E-03,+71.924386E-03,+298.334509E-03
+2.355000E-03,+64.006672E-03,+297.768152E-03
+2.357500E-03,+57.050200E-03,+295.610395E-03
+2.360000E-03,+49.817064E-03,+293.779646E-03
+2.362500E-03,+42.122809E-03,+291.762845E-03
+2.365000E-03,+34.892721E-03,+290.532158E-03
+2.367500E-03,+27.049913E-03,+289.306908E-03
+2.370000E-03,+19.899000E-03,+289.138156E-03
+2.372500E-03,+12.298309E-03,+289.612120E-03
+2.375000E-03,+4.591115E-03,+290.083037E-03
+2.377500E-03,-2.475657E-03,+289.612120E-03
+2.380000E-03,-10.462844E-03,+288.719972E-03
+2.382500E-03,-17.585301E-03,+287.212340E-03
+2.385000E-03,-24.432224E-03,+285.302321E-03
+2.387500E-03,-31.935083E-03,+282.089286E-03
+2.390000E-03,-38.665801E-03,+279.143400E-03
+2.392500E-03,-45.651009E-03,+277.294187E-03
+2.395000E-03,-53.062882E-03,+276.338846E-03
+2.397500E-03,-59.435370E-03,+275.925218E-03
+2.400000E-03,-66.797559E-03,+275.352948E-03
+2.402500E-03,-74.438419E-03,+274.558444E-03
+2.405000E-03,-80.842598E-03,+273.091546E-03
+2.407500E-03,-88.192130E-03,+270.895910E-03
+2.410000E-03,-94.962351E-03,+267.654136E-03
+2.412500E-03,-101.344735E-03,+263.731681E-03
+2.415000E-03,-108.160347E-03,+260.449740E-03
+2.417500E-03,-114.868701E-03,+258.308159E-03
+2.420000E-03,-121.567823E-03,+256.753700E-03
+2.422500E-03,-128.898131E-03,+255.393681E-03
+2.425000E-03,-135.107018E-03,+254.388940E-03
+2.427500E-03,-141.171907E-03,+252.585986E-03
+2.430000E-03,-147.896154E-03,+250.522163E-03
+2.432500E-03,-154.065068E-03,+248.062516E-03
+2.435000E-03,-160.179543E-03,+244.494962E-03
+2.437500E-03,-166.734478E-03,+240.537866E-03
+2.440000E-03,-173.470812E-03,+236.972976E-03
+2.442500E-03,-179.450903E-03,+234.407403E-03
+2.445000E-03,-185.964627E-03,+231.768925E-03
+2.447500E-03,-192.060734E-03,+228.963704E-03
+2.450000E-03,-197.513378E-03,+226.027718E-03
+2.452500E-03,-203.687142E-03,+223.788492E-03
+2.455000E-03,-209.808757E-03,+221.307240E-03
+2.457500E-03,-214.670184E-03,+218.022160E-03
+2.460000E-03,-219.503919E-03,+214.560530E-03
+2.462500E-03,-225.229135E-03,+210.150885E-03
+2.465000E-03,-230.810357E-03,+205.801489E-03
+2.467500E-03,-236.093021E-03,+202.190159E-03
+2.470000E-03,-241.514164E-03,+199.384935E-03
+2.472500E-03,-247.095483E-03,+196.797283E-03
+2.475000E-03,-251.941014E-03,+193.866910E-03
+2.477500E-03,-256.692515E-03,+190.663777E-03
+2.480000E-03,-261.686810E-03,+187.208041E-03
+2.482500E-03,-266.670723E-03,+183.389714E-03
+2.485000E-03,-271.419756E-03,+179.512836E-03
+2.487500E-03,-275.338970E-03,+174.896000E-03
+2.490000E-03,-279.795629E-03,+169.773897E-03
+2.492500E-03,-284.647824E-03,+165.141648E-03
+2.495000E-03,-289.309014E-03,+161.510898E-03
+2.497500E-03,-293.165606E-03,+158.100286E-03
