x-axis,2
second,Volt
-999.87E-06,-63.47450E-03
-998.87E-06,-60.67002E-03
-997.87E-06,-58.23163E-03
-996.87E-06,-55.37545E-03
-995.87E-06,-52.80027E-03
-994.87E-06,-50.35505E-03
-993.87E-06,-47.74208E-03
-992.87E-06,-45.15097E-03
-991.87E-06,-42.84066E-03
-990.87E-06,-40.44193E-03
-989.87E-06,-37.75845E-03
-988.87E-06,-35.22157E-03
-987.87E-06,-32.88378E-03
-986.87E-06,-30.30236E-03
-985.87E-06,-28.00754E-03
-984.87E-06,-25.45253E-03
-983.87E-06,-23.02769E-03
-982.87E-06,-20.52001E-03
-981.87E-06,-18.32891E-03
-980.87E-06,-16.15568E-03
-979.87E-06,-13.46731E-03
-978.87E-06,-11.50512E-03
-977.87E-06,-9.04974E-03
-976.87E-06,-6.99640E-03
-975.87E-06,-4.71676E-03
-974.87E-06,-2.37157E-03
-973.87E-06,-105.47E-06
-972.87E-06,+1.98605E-03
-971.87E-06,+4.23694E-03
-970.87E-06,+6.62095E-03
-969.87E-06,+8.62690E-03
-968.87E-06,+10.59066E-03
-967.87E-06,+12.83837E-03
-966.87E-06,+15.35141E-03
-965.87E-06,+17.36006E-03
-964.87E-06,+19.30572E-03
-963.87E-06,+21.79995E-03
-962.87E-06,+23.74811E-03
-961.87E-06,+25.81395E-03
-960.87E-06,+28.04590E-03
-959.87E-06,+30.41148E-03
-958.87E-06,+31.81195E-03
-957.87E-06,+34.14822E-03
-956.87E-06,+36.47797E-03
-955.87E-06,+38.47816E-03
-954.87E-06,+40.19103E-03
-953.87E-06,+42.84974E-03
-952.87E-06,+44.35593E-03
-951.87E-06,+46.50190E-03
-950.87E-06,+48.54470E-03
-949.87E-06,+50.37659E-03
-948.87E-06,+52.32019E-03
-947.87E-06,+54.61477E-03
-946.87E-06,+56.03019E-03
-945.87E-06,+58.31252E-03
-944.87E-06,+60.29502E-03
-943.87E-06,+62.29372E-03
-942.87E-06,+64.25716E-03
-941.87E-06,+66.10353E-03
-940.87E-06,+68.01405E-03
-939.87E-06,+70.01205E-03
-938.87E-06,+71.87915E-03
-937.87E-06,+73.75140E-03
-936.87E-06,+75.65393E-03
-935.87E-06,+77.65857E-03
-934.87E-06,+79.08258E-03
-933.87E-06,+81.12482E-03
-932.87E-06,+83.13669E-03
-931.87E-06,+84.86556E-03
-930.87E-06,+86.27129E-03
-929.87E-06,+88.18079E-03
-928.87E-06,+89.85936E-03
-927.87E-06,+91.74656E-03
-926.87E-06,+93.73469E-03
-925.87E-06,+95.54174E-03
-924.87E-06,+96.95311E-03
-923.87E-06,+99.14082E-03
-922.87E-06,+100.95142E-03
-921.87E-06,+102.60625E-03
-920.87E-06,+104.39060E-03
-919.87E-06,+106.29053E-03
-918.87E-06,+108.05096E-03
-917.87E-06,+109.88618E-03
-916.87E-06,+111.16660E-03
-915.87E-06,+113.56145E-03
-914.87E-06,+114.94037E-03
-913.87E-06,+116.95779E-03
-912.87E-06,+118.52117E-03
-911.87E-06,+120.12632E-03
-910.87E-06,+121.92159E-03
-909.87E-06,+123.61133E-03
-908.87E-06,+125.43063E-03
-907.87E-06,+126.74722E-03
-906.87E-06,+128.89396E-03
-905.87E-06,+130.60105E-03
-904.87E-06,+132.43675E-03
-903.87E-06,+134.03235E-03
-902.87E-06,+135.28969E-03
-901.87E-06,+136.94166E-03
-900.87E-06,+139.14473E-03
-899.87E-06,+140.81344E-03
-898.87E-06,+142.54310E-03
-897.87E-06,+144.31413E-03
-896.87E-06,+145.72631E-03
-895.87E-06,+148.11017E-03
-894.87E-06,+149.16095E-03
-893.87E-06,+151.27446E-03
-892.87E-06,+152.86078E-03
-891.87E-06,+154.44633E-03
-890.87E-06,+156.36925E-03
-889.87E-06,+157.88603E-03
-888.87E-06,+159.49813E-03
-887.87E-06,+161.27463E-03
-886.87E-06,+162.61905E-03
-885.87E-06,+164.39904E-03
-884.87E-06,+166.50732E-03
-883.87E-06,+168.43925E-03
-882.87E-06,+169.84183E-03
-881.87E-06,+171.82273E-03
-880.87E-06,+173.75344E-03
-879.87E-06,+175.47081E-03
-878.87E-06,+177.53626E-03
-877.87E-06,+179.46838E-03
-876.87E-06,+181.06633E-03
-875.87E-06,+182.76323E-03
-874.87E-06,+184.24918E-03
-873.87E-06,+186.42711E-03
-872.87E-06,+188.24526E-03
-871.87E-06,+190.00356E-03
-870.87E-06,+191.92350E-03
-869.87E-06,+193.68073E-03
-868.87E-06,+195.38022E-03
-867.87E-06,+197.01697E-03
-866.87E-06,+198.97383E-03
-865.87E-06,+201.06675E-03
-864.87E-06,+202.61598E-03
-863.87E-06,+204.69555E-03
-862.87E-06,+206.31558E-03
-861.87E-06,+208.31124E-03
-860.87E-06,+210.03809E-03
-859.87E-06,+211.93733E-03
-858.87E-06,+213.51882E-03
-857.87E-06,+215.72661E-03
-856.87E-06,+217.77007E-03
-855.87E-06,+219.53049E-03
-854.87E-06,+221.45091E-03
-853.87E-06,+223.66882E-03
-852.87E-06,+225.60210E-03
-851.87E-06,+227.79520E-03
-850.87E-06,+229.25088E-03
-849.87E-06,+231.59496E-03
-848.87E-06,+233.33914E-03
-847.87E-06,+235.10217E-03
-846.87E-06,+237.24158E-03
-845.87E-06,+239.31574E-03
-844.87E-06,+240.94507E-03
-843.87E-06,+243.02680E-03
-842.87E-06,+244.90939E-03
-841.87E-06,+246.88721E-03
-840.87E-06,+248.50849E-03
-839.87E-06,+250.91984E-03
-838.87E-06,+252.61718E-03
-837.87E-06,+254.26064E-03
-836.87E-06,+256.63456E-03
-835.87E-06,+258.69575E-03
-834.87E-06,+260.84124E-03
-833.87E-06,+262.65372E-03
-832.87E-06,+264.45326E-03
-831.87E-06,+266.81846E-03
-830.87E-06,+268.74448E-03
-829.87E-06,+270.82244E-03
-828.87E-06,+272.70323E-03
-827.87E-06,+275.09767E-03
-826.87E-06,+276.95248E-03
-825.87E-06,+279.07180E-03
-824.87E-06,+280.90434E-03
-823.87E-06,+282.95622E-03
-822.87E-06,+285.25358E-03
-821.87E-06,+287.45472E-03
-820.87E-06,+289.55377E-03
-819.87E-06,+291.64841E-03
-818.87E-06,+293.58305E-03
-817.87E-06,+295.85821E-03
-816.87E-06,+297.99260E-03
-815.87E-06,+300.31740E-03
-814.87E-06,+302.15737E-03
-813.87E-06,+304.48262E-03
-812.87E-06,+306.57188E-03
-811.87E-06,+308.55642E-03
-810.87E-06,+310.81872E-03
-809.87E-06,+312.94571E-03
-808.87E-06,+315.08448E-03
-807.87E-06,+317.31502E-03
-806.87E-06,+319.44638E-03
-805.87E-06,+321.60681E-03
-804.87E-06,+323.70570E-03
-803.87E-06,+325.60658E-03
-802.87E-06,+327.55130E-03
-801.87E-06,+329.46416E-03
-800.87E-06,+332.03546E-03
-799.87E-06,+333.85639E-03
-798.87E-06,+336.19835E-03
-797.87E-06,+338.04882E-03
-796.87E-06,+339.92531E-03
-795.87E-06,+342.34512E-03
-794.87E-06,+343.74048E-03
-793.87E-06,+346.33201E-03
-792.87E-06,+348.48016E-03
-791.87E-06,+350.40944E-03
-790.87E-06,+352.83897E-03
-789.87E-06,+355.05916E-03
-788.87E-06,+357.09601E-03
-787.87E-06,+358.75685E-03
-786.87E-06,+360.65672E-03
-785.87E-06,+362.87412E-03
-784.87E-06,+365.19780E-03
-783.87E-06,+366.90129E-03
-782.87E-06,+368.89504E-03
-781.87E-06,+370.97921E-03
-780.87E-06,+373.36901E-03
-779.87E-06,+375.14755E-03
-778.87E-06,+377.15430E-03
-777.87E-06,+379.30625E-03
-776.87E-06,+381.04892E-03
-775.87E-06,+383.44079E-03
-774.87E-06,+385.53663E-03
-773.87E-06,+387.49905E-03
-772.87E-06,+389.45252E-03
-771.87E-06,+391.72486E-03
-770.87E-06,+393.49627E-03
-769.87E-06,+395.84476E-03
-768.87E-06,+398.02056E-03
-767.87E-06,+399.55674E-03
-766.87E-06,+401.73776E-03
-765.87E-06,+403.60398E-03
-764.87E-06,+405.86646E-03
-763.87E-06,+407.33516E-03
-762.87E-06,+409.17051E-03
-761.87E-06,+411.01540E-03
-760.87E-06,+412.79047E-03
-759.87E-06,+414.59781E-03
-758.87E-06,+416.35599E-03
-757.87E-06,+418.22216E-03
-756.87E-06,+420.12850E-03
-755.87E-06,+421.78933E-03
-754.87E-06,+423.60834E-03
-753.87E-06,+425.47732E-03
-752.87E-06,+427.04561E-03
-751.87E-06,+428.87714E-03
-750.87E-06,+430.63489E-03
-749.87E-06,+432.22347E-03
-748.87E-06,+433.90742E-03
-747.87E-06,+435.79959E-03
-746.87E-06,+436.98732E-03
-745.87E-06,+438.84910E-03
-744.87E-06,+440.21024E-03
-743.87E-06,+441.91766E-03
-742.87E-06,+443.59559E-03
-741.87E-06,+445.02506E-03
-740.87E-06,+446.28242E-03
-739.87E-06,+447.84836E-03
-738.87E-06,+449.33326E-03
-737.87E-06,+450.69204E-03
-736.87E-06,+452.36618E-03
-735.87E-06,+453.65559E-03
-734.87E-06,+455.09112E-03
-733.87E-06,+455.84307E-03
-732.87E-06,+457.33406E-03
-731.87E-06,+458.42256E-03
-730.87E-06,+460.08721E-03
-729.87E-06,+461.26883E-03
-728.87E-06,+462.30319E-03
-727.87E-06,+463.79186E-03
-726.87E-06,+464.35122E-03
-725.87E-06,+465.86357E-03
-724.87E-06,+467.02260E-03
-723.87E-06,+467.69371E-03
-722.87E-06,+468.98083E-03
-721.87E-06,+469.99304E-03
-720.87E-06,+470.98733E-03
-719.87E-06,+472.01305E-03
-718.87E-06,+472.79078E-03
-717.87E-06,+474.13630E-03
-716.87E-06,+475.00190E-03
-715.87E-06,+475.48724E-03
-714.87E-06,+476.66755E-03
-713.87E-06,+477.27831E-03
-712.87E-06,+477.95837E-03
-711.87E-06,+479.01869E-03
-710.87E-06,+479.62195E-03
-709.87E-06,+480.21351E-03
-708.87E-06,+480.87555E-03
-707.87E-06,+481.58722E-03
-706.87E-06,+481.70231E-03
-705.87E-06,+482.30136E-03
-704.87E-06,+483.06520E-03
-703.87E-06,+483.84178E-03
-702.87E-06,+484.21349E-03
-701.87E-06,+484.36316E-03
-700.87E-06,+484.57281E-03
-699.87E-06,+485.25439E-03
-698.87E-06,+485.72669E-03
-697.87E-06,+485.83665E-03
-696.87E-06,+486.10053E-03
-695.87E-06,+486.58341E-03
-694.87E-06,+486.39448E-03
-693.87E-06,+486.98227E-03
-692.87E-06,+486.26261E-03
-691.87E-06,+487.04150E-03
-690.87E-06,+487.52603E-03
-689.87E-06,+486.97863E-03
-688.87E-06,+486.89184E-03
-687.87E-06,+486.50204E-03
-686.87E-06,+486.93328E-03
-685.87E-06,+486.55839E-03
-684.87E-06,+486.87836E-03
-683.87E-06,+486.36610E-03
-682.87E-06,+485.81918E-03
-681.87E-06,+485.65650E-03
-680.87E-06,+485.39877E-03
-679.87E-06,+485.37387E-03
-678.87E-06,+484.96434E-03
-677.87E-06,+484.47177E-03
-676.87E-06,+483.88638E-03
-675.87E-06,+483.68338E-03
-674.87E-06,+482.91452E-03
-673.87E-06,+482.51071E-03
-672.87E-06,+482.03467E-03
-671.87E-06,+481.18014E-03
-670.87E-06,+481.23926E-03
-669.87E-06,+480.08807E-03
-668.87E-06,+479.06471E-03
-667.87E-06,+478.62632E-03
-666.87E-06,+477.86613E-03
-665.87E-06,+476.75621E-03
-664.87E-06,+476.11179E-03
-663.87E-06,+475.15897E-03
-662.87E-06,+473.98928E-03
-661.87E-06,+473.53842E-03
-660.87E-06,+472.32285E-03
-659.87E-06,+470.93278E-03
-658.87E-06,+470.29027E-03
-657.87E-06,+469.06857E-03
-656.87E-06,+467.58550E-03
-655.87E-06,+466.75386E-03
-654.87E-06,+465.09424E-03
-653.87E-06,+464.48186E-03
-652.87E-06,+463.06362E-03
-651.87E-06,+462.00496E-03
-650.87E-06,+460.33050E-03
-649.87E-06,+459.34370E-03
-648.87E-06,+457.98181E-03
-647.87E-06,+456.61261E-03
-646.87E-06,+454.81105E-03
-645.87E-06,+453.84736E-03
-644.87E-06,+451.65837E-03
-643.87E-06,+450.45435E-03
-642.87E-06,+448.63776E-03
-641.87E-06,+447.34370E-03
-640.87E-06,+445.56805E-03
-639.87E-06,+443.85693E-03
-638.87E-06,+442.13639E-03
-637.87E-06,+440.24445E-03
-636.87E-06,+438.32181E-03
-635.87E-06,+436.75335E-03
-634.87E-06,+434.62319E-03
-633.87E-06,+432.74258E-03
-632.87E-06,+431.16344E-03
-631.87E-06,+429.05658E-03
-630.87E-06,+426.83983E-03
-629.87E-06,+425.16037E-03
-628.87E-06,+423.24948E-03
-627.87E-06,+421.03971E-03
-626.87E-06,+418.97623E-03
-625.87E-06,+416.71066E-03
-624.87E-06,+414.62014E-03
-623.87E-06,+412.42851E-03
-622.87E-06,+410.18981E-03
-621.87E-06,+408.23937E-03
-620.87E-06,+406.09928E-03
-619.87E-06,+403.80048E-03
-618.87E-06,+401.25840E-03
-617.87E-06,+399.40343E-03
-616.87E-06,+396.49949E-03
-615.87E-06,+394.88781E-03
-614.87E-06,+391.47318E-03
-613.87E-06,+389.14582E-03
-612.87E-06,+386.35865E-03
-611.87E-06,+384.09308E-03
-610.87E-06,+381.69555E-03
-609.87E-06,+378.80667E-03
-608.87E-06,+376.52775E-03
-607.87E-06,+374.34492E-03
-606.87E-06,+371.36446E-03
-605.87E-06,+368.82993E-03
-604.87E-06,+366.27531E-03
-603.87E-06,+363.64397E-03
-602.87E-06,+360.76959E-03
-601.87E-06,+358.34565E-03
-600.87E-06,+355.82988E-03
-599.87E-06,+352.74829E-03
-598.87E-06,+350.40721E-03
-597.87E-06,+347.59309E-03
-596.87E-06,+344.50328E-03
-595.87E-06,+341.95172E-03
-594.87E-06,+339.17408E-03
-593.87E-06,+336.47371E-03
-592.87E-06,+334.11451E-03
-591.87E-06,+331.05032E-03
-590.87E-06,+328.39021E-03
-589.87E-06,+325.57170E-03
-588.87E-06,+322.48195E-03
-587.87E-06,+319.61765E-03
-586.87E-06,+316.91030E-03
-585.87E-06,+314.04031E-03
-584.87E-06,+310.65646E-03
-583.87E-06,+307.91092E-03
-582.87E-06,+304.54148E-03
-581.87E-06,+301.64081E-03
-580.87E-06,+298.64526E-03
-579.87E-06,+295.57483E-03
-578.87E-06,+292.89773E-03
-577.87E-06,+289.69228E-03
-576.87E-06,+286.74323E-03
-575.87E-06,+283.37447E-03
-574.87E-06,+280.29216E-03
-573.87E-06,+277.39526E-03
-572.87E-06,+274.54347E-03
-571.87E-06,+271.54596E-03
-570.87E-06,+268.50885E-03
-569.87E-06,+265.08808E-03
-568.87E-06,+262.03651E-03
-567.87E-06,+259.07552E-03
-566.87E-06,+255.65025E-03
-565.87E-06,+252.29205E-03
-564.87E-06,+249.40655E-03
-563.87E-06,+246.42659E-03
-562.87E-06,+243.35816E-03
-561.87E-06,+240.35190E-03
-560.87E-06,+237.37767E-03
-559.87E-06,+234.10500E-03
-558.87E-06,+231.15021E-03
-557.87E-06,+228.30909E-03
-556.87E-06,+224.56351E-03
-555.87E-06,+221.22688E-03
-554.87E-06,+218.50821E-03
-553.87E-06,+215.08425E-03
-552.87E-06,+211.72123E-03
-551.87E-06,+208.91090E-03
-550.87E-06,+205.66403E-03
-549.87E-06,+202.74821E-03
-548.87E-06,+199.27075E-03
-547.87E-06,+196.51141E-03
-546.87E-06,+193.40210E-03
-545.87E-06,+190.35872E-03
-544.87E-06,+187.03523E-03
-543.87E-06,+183.89077E-03
-542.87E-06,+180.68598E-03
-541.87E-06,+177.38635E-03
-540.87E-06,+174.46746E-03
-539.87E-06,+171.17781E-03
-538.87E-06,+168.01700E-03
-537.87E-06,+164.70545E-03
-536.87E-06,+161.51829E-03
-535.87E-06,+158.45797E-03
-534.87E-06,+155.55595E-03
-533.87E-06,+152.74879E-03
-532.87E-06,+149.73183E-03
-531.87E-06,+146.80408E-03
-530.87E-06,+143.40710E-03
-529.87E-06,+140.76954E-03
-528.87E-06,+137.66588E-03
-527.87E-06,+134.79716E-03
-526.87E-06,+131.89264E-03
-525.87E-06,+129.02957E-03
-524.87E-06,+125.84803E-03
-523.87E-06,+122.91838E-03
-522.87E-06,+120.14457E-03
-521.87E-06,+116.92656E-03
-520.87E-06,+114.48810E-03
-519.87E-06,+111.27829E-03
-518.87E-06,+108.03523E-03
-517.87E-06,+105.45360E-03
-516.87E-06,+102.35115E-03
-515.87E-06,+99.68349E-03
-514.87E-06,+96.53270E-03
-513.87E-06,+93.36246E-03
-512.87E-06,+90.79591E-03
-511.87E-06,+87.90454E-03
-510.87E-06,+84.90392E-03
-509.87E-06,+82.57858E-03
-508.87E-06,+79.84172E-03
-507.87E-06,+76.73118E-03
-506.87E-06,+74.17151E-03
-505.87E-06,+71.42027E-03
-504.87E-06,+68.44851E-03
-503.87E-06,+65.87441E-03
-502.87E-06,+63.25443E-03
-501.87E-06,+60.34173E-03
-500.87E-06,+57.68281E-03
-499.87E-06,+54.80529E-03
-498.87E-06,+52.39889E-03
-497.87E-06,+49.38319E-03
-496.87E-06,+47.04964E-03
-495.87E-06,+44.52387E-03
-494.87E-06,+41.73684E-03
-493.87E-06,+39.07539E-03
-492.87E-06,+36.95102E-03
-491.87E-06,+34.06597E-03
-490.87E-06,+32.00190E-03
-489.87E-06,+29.30591E-03
-488.87E-06,+26.28205E-03
-487.87E-06,+24.28455E-03
-486.87E-06,+21.75503E-03
-485.87E-06,+19.19096E-03
-484.87E-06,+16.68028E-03
-483.87E-06,+14.29398E-03
-482.87E-06,+12.27387E-03
-481.87E-06,+9.72173E-03
-480.87E-06,+6.99875E-03
-479.87E-06,+4.65138E-03
-478.87E-06,+2.39510E-03
-477.87E-06,+343.59E-06
-476.87E-06,-2.36118E-03
-475.87E-06,-4.11935E-03
-474.87E-06,-6.31282E-03
-473.87E-06,-8.57790E-03
-472.87E-06,-10.71484E-03
-471.87E-06,-13.12249E-03
-470.87E-06,-15.49624E-03
-469.87E-06,-17.34612E-03
-468.87E-06,-19.39448E-03
-467.87E-06,-22.07224E-03
-466.87E-06,-23.90706E-03
-465.87E-06,-26.53267E-03
-464.87E-06,-28.02451E-03
-463.87E-06,-30.20352E-03
-462.87E-06,-32.72615E-03
-461.87E-06,-34.71108E-03
-460.87E-06,-36.69977E-03
-459.87E-06,-38.96672E-03
-458.87E-06,-40.87753E-03
-457.87E-06,-43.02075E-03
-456.87E-06,-45.02893E-03
-455.87E-06,-46.66084E-03
-454.87E-06,-48.96986E-03
-453.87E-06,-50.76198E-03
-452.87E-06,-52.73620E-03
-451.87E-06,-54.98810E-03
-450.87E-06,-57.09927E-03
-449.87E-06,-58.82540E-03
-448.87E-06,-61.05215E-03
-447.87E-06,-62.89136E-03
-446.87E-06,-64.84990E-03
-445.87E-06,-67.26008E-03
-444.87E-06,-69.21485E-03
-443.87E-06,-70.92151E-03
-442.87E-06,-72.87630E-03
-441.87E-06,-75.00696E-03
-440.87E-06,-76.70357E-03
-439.87E-06,-78.79086E-03
-438.87E-06,-80.69663E-03
-437.87E-06,-82.69221E-03
-436.87E-06,-84.59357E-03
-435.87E-06,-86.10744E-03
-434.87E-06,-88.28519E-03
-433.87E-06,-89.80030E-03
-432.87E-06,-91.78458E-03
-431.87E-06,-93.52514E-03
-430.87E-06,-95.19669E-03
-429.87E-06,-97.08545E-03
-428.87E-06,-98.58357E-03
-427.87E-06,-100.57728E-03
-426.87E-06,-102.15585E-03
-425.87E-06,-103.70609E-03
-424.87E-06,-105.79463E-03
-423.87E-06,-107.58798E-03
-422.87E-06,-109.44287E-03
-421.87E-06,-111.11122E-03
-420.87E-06,-112.72366E-03
-419.87E-06,-114.99689E-03
-418.87E-06,-116.15773E-03
-417.87E-06,-117.74689E-03
-416.87E-06,-119.98246E-03
-415.87E-06,-121.38449E-03
-414.87E-06,-123.15020E-03
-413.87E-06,-124.98624E-03
-412.87E-06,-126.63256E-03
-411.87E-06,-128.44538E-03
-410.87E-06,-130.29026E-03
-409.87E-06,-131.81855E-03
-408.87E-06,-133.76265E-03
-407.87E-06,-135.31853E-03
-406.87E-06,-137.00687E-03
-405.87E-06,-138.87256E-03
-404.87E-06,-140.56226E-03
-403.87E-06,-142.44980E-03
-402.87E-06,-143.98368E-03
-401.87E-06,-145.75880E-03
-400.87E-06,-147.89459E-03
-399.87E-06,-149.92147E-03
-398.87E-06,-151.05917E-03
-397.87E-06,-153.15641E-03
-396.87E-06,-154.58236E-03
-395.87E-06,-156.53145E-03
-394.87E-06,-158.04648E-03
-393.87E-06,-159.86879E-03
-392.87E-06,-161.68094E-03
-391.87E-06,-163.35619E-03
-390.87E-06,-164.92719E-03
-389.87E-06,-167.00390E-03
-388.87E-06,-168.52829E-03
-387.87E-06,-170.19604E-03
-386.87E-06,-171.99823E-03
-385.87E-06,-173.69353E-03
-384.87E-06,-175.36756E-03
-383.87E-06,-177.93546E-03
-382.87E-06,-178.80593E-03
-381.87E-06,-180.80847E-03
-380.87E-06,-182.82798E-03
-379.87E-06,-184.60124E-03
-378.87E-06,-186.07859E-03
-377.87E-06,-188.46813E-03
-376.87E-06,-190.04409E-03
-375.87E-06,-191.64217E-03
-374.87E-06,-193.84427E-03
-373.87E-06,-195.28778E-03
-372.87E-06,-197.05467E-03
-371.87E-06,-198.61568E-03
-370.87E-06,-200.37502E-03
-369.87E-06,-202.66657E-03
-368.87E-06,-204.22059E-03
-367.87E-06,-206.00199E-03
-366.87E-06,-207.92537E-03
-365.87E-06,-210.04211E-03
-364.87E-06,-211.63647E-03
-363.87E-06,-213.23683E-03
-362.87E-06,-215.44855E-03
-361.87E-06,-216.77334E-03
-360.87E-06,-218.50272E-03
-359.87E-06,-220.75069E-03
-358.87E-06,-222.39013E-03
-357.87E-06,-224.21118E-03
-356.87E-06,-226.33238E-03
-355.87E-06,-228.44352E-03
-354.87E-06,-230.12892E-03
-353.87E-06,-232.16330E-03
-352.87E-06,-234.17971E-03
-351.87E-06,-236.17788E-03
-350.87E-06,-238.12707E-03
-349.87E-06,-240.07549E-03
-348.87E-06,-241.59117E-03
-347.87E-06,-243.83728E-03
-346.87E-06,-246.08538E-03
-345.87E-06,-247.73446E-03
-344.87E-06,-249.66719E-03
-343.87E-06,-251.80985E-03
-342.87E-06,-253.63716E-03
-341.87E-06,-255.59118E-03
-340.87E-06,-257.99005E-03
-339.87E-06,-259.72374E-03
-338.87E-06,-261.77456E-03
-337.87E-06,-263.91970E-03
-336.87E-06,-265.58357E-03
-335.87E-06,-267.88887E-03
-334.87E-06,-269.71127E-03
-333.87E-06,-271.87124E-03
-332.87E-06,-274.03967E-03
-331.87E-06,-276.21312E-03
-330.87E-06,-278.12696E-03
-329.87E-06,-280.21367E-03
-328.87E-06,-282.38256E-03
-327.87E-06,-284.54481E-03
-326.87E-06,-286.31165E-03
-325.87E-06,-288.77599E-03
-324.87E-06,-291.04919E-03
-323.87E-06,-292.57484E-03
-322.87E-06,-294.47821E-03
-321.87E-06,-296.75509E-03
-320.87E-06,-299.04549E-03
-319.87E-06,-300.70696E-03
-318.87E-06,-302.99830E-03
-317.87E-06,-305.08813E-03
-316.87E-06,-307.03481E-03
-315.87E-06,-309.51198E-03
-314.87E-06,-311.24383E-03
-313.87E-06,-313.40529E-03
-312.87E-06,-315.45788E-03
-311.87E-06,-317.87899E-03
-310.87E-06,-320.01896E-03
-309.87E-06,-322.27699E-03
-308.87E-06,-324.01255E-03
-307.87E-06,-326.01382E-03
-306.87E-06,-328.49632E-03
-305.87E-06,-330.24071E-03
-304.87E-06,-332.90535E-03
-303.87E-06,-334.64444E-03
-302.87E-06,-337.12332E-03
-301.87E-06,-338.89341E-03
-300.87E-06,-340.99646E-03
-299.87E-06,-343.35748E-03
-298.87E-06,-345.44554E-03
-297.87E-06,-347.68229E-03
-296.87E-06,-349.93358E-03
-295.87E-06,-352.08994E-03
-294.87E-06,-354.13011E-03
-293.87E-06,-356.36067E-03
-292.87E-06,-358.76765E-03
-291.87E-06,-360.43428E-03
-290.87E-06,-362.48886E-03
-289.87E-06,-364.89351E-03
-288.87E-06,-366.80787E-03
-287.87E-06,-368.85144E-03
-286.87E-06,-370.76210E-03
-285.87E-06,-372.97124E-03
-284.87E-06,-375.11622E-03
-283.87E-06,-377.12700E-03
-282.87E-06,-379.08624E-03
-281.87E-06,-381.27290E-03
-280.87E-06,-383.32360E-03
-279.87E-06,-385.52480E-03
-278.87E-06,-387.48429E-03
-277.87E-06,-389.63777E-03
-276.87E-06,-391.76031E-03
-275.87E-06,-393.42610E-03
-274.87E-06,-395.47765E-03
-273.87E-06,-397.74091E-03
-272.87E-06,-399.54098E-03
-271.87E-06,-401.47701E-03
-270.87E-06,-404.21826E-03
-269.87E-06,-405.71930E-03
-268.87E-06,-407.49311E-03
-267.87E-06,-409.79214E-03
-266.87E-06,-411.59318E-03
-265.87E-06,-413.17984E-03
-264.87E-06,-415.27357E-03
-263.87E-06,-416.84744E-03
-262.87E-06,-418.70371E-03
-261.87E-06,-420.84314E-03
-260.87E-06,-422.36077E-03
-259.87E-06,-424.30605E-03
-258.87E-06,-426.08496E-03
-257.87E-06,-427.91277E-03
-256.87E-06,-429.60634E-03
-255.87E-06,-431.23380E-03
-254.87E-06,-433.21304E-03
-253.87E-06,-434.63507E-03
-252.87E-06,-436.50512E-03
-251.87E-06,-438.54554E-03
-250.87E-06,-440.20068E-03
-249.87E-06,-442.13264E-03
-248.87E-06,-443.63941E-03
-247.87E-06,-445.04155E-03
-246.87E-06,-446.59553E-03
-245.87E-06,-448.51240E-03
-244.87E-06,-450.21060E-03
-243.87E-06,-451.50528E-03
-242.87E-06,-452.72557E-03
-241.87E-06,-454.38023E-03
-240.87E-06,-456.23322E-03
-239.87E-06,-457.13258E-03
-238.87E-06,-458.87459E-03
-237.87E-06,-460.41116E-03
-236.87E-06,-461.96357E-03
-235.87E-06,-463.02212E-03
-234.87E-06,-464.72377E-03
-233.87E-06,-465.97379E-03
-232.87E-06,-467.32318E-03
-231.87E-06,-468.56417E-03
-230.87E-06,-469.79419E-03
-229.87E-06,-471.17461E-03
-228.87E-06,-472.03535E-03
-227.87E-06,-473.23104E-03
-226.87E-06,-474.58484E-03
-225.87E-06,-475.70429E-03
-224.87E-06,-476.88440E-03
-223.87E-06,-478.17579E-03
-222.87E-06,-479.08112E-03
-221.87E-06,-479.95045E-03
-220.87E-06,-480.90707E-03
-219.87E-06,-481.78703E-03
-218.87E-06,-482.84541E-03
-217.87E-06,-483.54031E-03
-216.87E-06,-484.61561E-03
-215.87E-06,-485.45611E-03
-214.87E-06,-486.49203E-03
-213.87E-06,-487.32697E-03
-212.87E-06,-487.83679E-03
-211.87E-06,-488.62777E-03
-210.87E-06,-489.11582E-03
-209.87E-06,-489.47266E-03
-208.87E-06,-490.74127E-03
-207.87E-06,-491.25314E-03
-206.87E-06,-491.64630E-03
-205.87E-06,-492.31149E-03
-204.87E-06,-492.80462E-03
-203.87E-06,-493.32934E-03
-202.87E-06,-494.13766E-03
-201.87E-06,-494.21424E-03
-200.87E-06,-494.65576E-03
-199.87E-06,-494.88074E-03
-198.87E-06,-495.27457E-03
-197.87E-06,-495.81330E-03
-196.87E-06,-495.47002E-03
-195.87E-06,-495.81009E-03
-194.87E-06,-496.38507E-03
-193.87E-06,-496.54314E-03
-192.87E-06,-496.17653E-03
-191.87E-06,-496.59334E-03
-190.87E-06,-496.78560E-03
-189.87E-06,-496.74325E-03
-188.87E-06,-496.66330E-03
-187.87E-06,-496.55984E-03
-186.87E-06,-496.56592E-03
-185.87E-06,-495.78787E-03
-184.87E-06,-496.09613E-03
-183.87E-06,-496.13954E-03
-182.87E-06,-495.81863E-03
-181.87E-06,-495.27209E-03
-180.87E-06,-495.25381E-03
-179.87E-06,-494.87099E-03
-178.87E-06,-494.34762E-03
-177.87E-06,-494.11793E-03
-176.87E-06,-493.54506E-03
-175.87E-06,-493.19920E-03
-174.87E-06,-492.60370E-03
-173.87E-06,-492.13589E-03
-172.87E-06,-491.65316E-03
-171.87E-06,-490.94228E-03
-170.87E-06,-490.34525E-03
-169.87E-06,-489.87441E-03
-168.87E-06,-488.71171E-03
-167.87E-06,-487.97348E-03
-166.87E-06,-487.15266E-03
-165.87E-06,-486.57159E-03
-164.87E-06,-485.85410E-03
-163.87E-06,-484.91946E-03
-162.87E-06,-484.05388E-03
-161.87E-06,-483.24612E-03
-160.87E-06,-482.06197E-03
-159.87E-06,-480.88235E-03
-158.87E-06,-479.53120E-03
-157.87E-06,-478.77305E-03
-156.87E-06,-477.50669E-03
-155.87E-06,-476.61001E-03
-154.87E-06,-475.59309E-03
-153.87E-06,-474.36160E-03
-152.87E-06,-472.76052E-03
-151.87E-06,-471.41114E-03
-150.87E-06,-470.50143E-03
-149.87E-06,-469.04836E-03
-148.87E-06,-467.44187E-03
-147.87E-06,-465.92512E-03
-146.87E-06,-464.27836E-03
-145.87E-06,-463.16358E-03
-144.87E-06,-461.49776E-03
-143.87E-06,-459.72047E-03
-142.87E-06,-458.54230E-03
-141.87E-06,-456.77932E-03
-140.87E-06,-455.44821E-03
-139.87E-06,-453.73719E-03
-138.87E-06,-451.93391E-03
-137.87E-06,-449.94077E-03
-136.87E-06,-448.33147E-03
-135.87E-06,-446.34000E-03
-134.87E-06,-444.36858E-03
-133.87E-06,-442.75542E-03
-132.87E-06,-440.49781E-03
-131.87E-06,-438.68098E-03
-130.87E-06,-436.67597E-03
-129.87E-06,-434.77042E-03
-128.87E-06,-432.50976E-03
-127.87E-06,-430.27962E-03
-126.87E-06,-427.96069E-03
-125.87E-06,-426.28610E-03
-124.87E-06,-424.18329E-03
-123.87E-06,-422.15630E-03
-122.87E-06,-420.10530E-03
-121.87E-06,-417.93363E-03
-120.87E-06,-415.85286E-03
-119.87E-06,-413.49216E-03
-118.87E-06,-411.06841E-03
-117.87E-06,-408.76963E-03
-116.87E-06,-406.48696E-03
-115.87E-06,-404.25092E-03
-114.87E-06,-401.84338E-03
-113.87E-06,-399.07942E-03
-112.87E-06,-397.04223E-03
-111.87E-06,-394.10648E-03
-110.87E-06,-391.95648E-03
-109.87E-06,-388.83462E-03
-108.87E-06,-386.26007E-03
-107.87E-06,-383.98580E-03
-106.87E-06,-381.41527E-03
-105.87E-06,-378.79197E-03
-104.87E-06,-376.08917E-03
-103.87E-06,-373.40170E-03
-102.87E-06,-370.82119E-03
-101.87E-06,-368.07226E-03
-100.87E-06,-365.14667E-03
-99.87E-06,-362.82962E-03
-98.87E-06,-360.10054E-03
-97.87E-06,-357.28859E-03
-96.87E-06,-354.65683E-03
-95.87E-06,-352.05488E-03
-94.87E-06,-348.90969E-03
-93.87E-06,-346.18908E-03
-92.87E-06,-343.25288E-03
-91.87E-06,-340.27674E-03
-90.87E-06,-338.02964E-03
-89.87E-06,-334.45929E-03
-88.87E-06,-331.66715E-03
-87.87E-06,-328.33172E-03
-86.87E-06,-325.66406E-03
-85.87E-06,-323.08388E-03
-84.87E-06,-319.87405E-03
-83.87E-06,-317.15709E-03
-82.87E-06,-313.96491E-03
-81.87E-06,-310.79810E-03
-80.87E-06,-307.94055E-03
-79.87E-06,-304.93350E-03
-78.87E-06,-301.77597E-03
-77.87E-06,-298.87373E-03
-76.87E-06,-295.77886E-03
-75.87E-06,-292.83985E-03
-74.87E-06,-289.47831E-03
-73.87E-06,-286.76714E-03
-72.87E-06,-283.86196E-03
-71.87E-06,-280.86744E-03
-70.87E-06,-277.30097E-03
-69.87E-06,-274.44058E-03
-68.87E-06,-271.27904E-03
-67.87E-06,-268.14244E-03
-66.87E-06,-264.67351E-03
-65.87E-06,-261.89324E-03
-64.87E-06,-258.63643E-03
-63.87E-06,-255.37472E-03
-62.87E-06,-252.54853E-03
-61.87E-06,-249.12658E-03
-60.87E-06,-246.05992E-03
-59.87E-06,-242.76027E-03
-58.87E-06,-239.36025E-03
-57.87E-06,-236.40794E-03
-56.87E-06,-233.38626E-03
-55.87E-06,-230.15235E-03
-54.87E-06,-226.84614E-03
-53.87E-06,-223.94048E-03
-52.87E-06,-220.32652E-03
-51.87E-06,-217.35784E-03
-50.87E-06,-214.36315E-03
-49.87E-06,-211.51022E-03
-48.87E-06,-208.39793E-03
-47.87E-06,-205.00494E-03
-46.87E-06,-202.22029E-03
-45.87E-06,-198.85930E-03
-44.87E-06,-195.58048E-03
-43.87E-06,-192.97707E-03
-42.87E-06,-189.90140E-03
-41.87E-06,-186.58867E-03
-40.87E-06,-183.23192E-03
-39.87E-06,-180.16270E-03
-38.87E-06,-176.94787E-03
-37.87E-06,-173.86881E-03
-36.87E-06,-170.58104E-03
-35.87E-06,-167.48231E-03
-34.87E-06,-164.37777E-03
-33.87E-06,-161.55725E-03
-32.87E-06,-158.39424E-03
-31.87E-06,-155.91373E-03
-30.87E-06,-152.40827E-03
-29.87E-06,-149.78247E-03
-28.87E-06,-146.21593E-03
-27.87E-06,-142.38210E-03
-26.87E-06,-140.12400E-03
-25.87E-06,-137.19773E-03
-24.87E-06,-134.20180E-03
-23.87E-06,-130.83115E-03
-22.87E-06,-128.04026E-03
-21.87E-06,-125.40254E-03
-20.87E-06,-122.02890E-03
-19.87E-06,-119.49061E-03
-18.87E-06,-116.48302E-03
-17.87E-06,-113.72288E-03
-16.87E-06,-110.40450E-03
-15.87E-06,-107.95114E-03
-14.87E-06,-104.94282E-03
-13.87E-06,-101.84431E-03
-12.87E-06,-99.13419E-03
-11.87E-06,-96.67202E-03
-10.87E-06,-93.99520E-03
-9.87E-06,-90.76938E-03
-8.87E-06,-88.57634E-03
-7.87E-06,-85.75963E-03
-6.87E-06,-82.75915E-03
-5.87E-06,-80.36937E-03
-4.87E-06,-77.54340E-03
-3.87E-06,-74.70746E-03
-2.87E-06,-71.91730E-03
-1.87E-06,-69.66436E-03
-870E-09,-66.42418E-03
+130E-09,-63.28441E-03
+1.13E-06,-60.78995E-03
+2.13E-06,-58.42521E-03
+3.13E-06,-55.77180E-03
+4.13E-06,-52.79106E-03
+5.13E-06,-50.21582E-03
+6.13E-06,-47.80604E-03
+7.13E-06,-45.13579E-03
+8.13E-06,-42.75132E-03
+9.13E-06,-40.52491E-03
+10.13E-06,-37.30473E-03
+11.13E-06,-35.31488E-03
+12.13E-06,-32.81576E-03
+13.13E-06,-30.10056E-03
+14.13E-06,-27.66216E-03
+15.13E-06,-25.51774E-03
+16.13E-06,-23.09079E-03
+17.13E-06,-20.70437E-03
+18.13E-06,-18.35848E-03
+19.13E-06,-15.89104E-03
+20.13E-06,-14.06054E-03
+21.13E-06,-11.29083E-03
+22.13E-06,-8.67680E-03
+23.13E-06,-6.93888E-03
+24.13E-06,-4.79124E-03
+25.13E-06,-2.32317E-03
+26.13E-06,-394.88E-06
+27.13E-06,+2.12529E-03
+28.13E-06,+4.30142E-03
+29.13E-06,+6.46609E-03
+30.13E-06,+8.69023E-03
+31.13E-06,+10.91489E-03
+32.13E-06,+13.15715E-03
+33.13E-06,+15.25424E-03
+34.13E-06,+17.41052E-03
+35.13E-06,+19.48258E-03
+36.13E-06,+21.49932E-03
+37.13E-06,+23.61871E-03
+38.13E-06,+25.99912E-03
+39.13E-06,+28.06213E-03
+40.13E-06,+29.96902E-03
+41.13E-06,+31.98414E-03
+42.13E-06,+33.90776E-03
+43.13E-06,+36.19776E-03
+44.13E-06,+38.46284E-03
+45.13E-06,+40.17329E-03
+46.13E-06,+42.37712E-03
+47.13E-06,+44.72124E-03
+48.13E-06,+46.37993E-03
+49.13E-06,+48.20033E-03
+50.13E-06,+49.95360E-03
+51.13E-06,+52.07139E-03
+52.13E-06,+54.67831E-03
+53.13E-06,+56.39591E-03
+54.13E-06,+58.05153E-03
+55.13E-06,+60.54723E-03
+56.13E-06,+62.43687E-03
+57.13E-06,+64.02316E-03
+58.13E-06,+66.22500E-03
+59.13E-06,+68.45354E-03
+60.13E-06,+70.47830E-03
+61.13E-06,+71.96692E-03
+62.13E-06,+73.96422E-03
+63.13E-06,+75.57763E-03
+64.13E-06,+77.47909E-03
+65.13E-06,+79.17436E-03
+66.13E-06,+81.09380E-03
+67.13E-06,+82.75346E-03
+68.13E-06,+85.09959E-03
+69.13E-06,+86.29546E-03
+70.13E-06,+88.34173E-03
+71.13E-06,+90.08577E-03
+72.13E-06,+91.93447E-03
+73.13E-06,+93.95834E-03
+74.13E-06,+95.58974E-03
+75.13E-06,+97.28345E-03
+76.13E-06,+99.29547E-03
+77.13E-06,+100.87439E-03
+78.13E-06,+102.84823E-03
+79.13E-06,+104.75788E-03
+80.13E-06,+106.06464E-03
+81.13E-06,+108.13668E-03
+82.13E-06,+109.93431E-03
+83.13E-06,+111.70240E-03
+84.13E-06,+113.32573E-03
+85.13E-06,+115.14171E-03
+86.13E-06,+116.92323E-03
+87.13E-06,+118.58141E-03
+88.13E-06,+120.23178E-03
+89.13E-06,+122.17678E-03
+90.13E-06,+123.78477E-03
+91.13E-06,+125.71191E-03
+92.13E-06,+127.20131E-03
+93.13E-06,+129.06082E-03
+94.13E-06,+130.74161E-03
+95.13E-06,+131.98195E-03
+96.13E-06,+133.82208E-03
+97.13E-06,+135.70929E-03
+98.13E-06,+137.21710E-03
+99.13E-06,+139.32339E-03
+100.13E-06,+140.95474E-03
+101.13E-06,+142.32383E-03
+102.13E-06,+144.11322E-03
+103.13E-06,+146.05776E-03
+104.13E-06,+148.00730E-03
+105.13E-06,+149.53548E-03
+106.13E-06,+150.81115E-03
+107.13E-06,+152.73912E-03
+108.13E-06,+154.53391E-03
+109.13E-06,+156.18024E-03
+110.13E-06,+157.71722E-03
+111.13E-06,+159.71819E-03
+112.13E-06,+161.25134E-03
+113.13E-06,+162.82800E-03
+114.13E-06,+164.66643E-03
+115.13E-06,+166.31307E-03
+116.13E-06,+167.68487E-03
+117.13E-06,+169.99146E-03
+118.13E-06,+171.92591E-03
+119.13E-06,+173.41149E-03
+120.13E-06,+175.81673E-03
+121.13E-06,+177.61806E-03
+122.13E-06,+179.30528E-03
+123.13E-06,+181.00882E-03
+124.13E-06,+182.83227E-03
+125.13E-06,+184.61046E-03
+126.13E-06,+186.28868E-03
+127.13E-06,+188.10376E-03
+128.13E-06,+189.82485E-03
+129.13E-06,+191.64563E-03
+130.13E-06,+193.43637E-03
+131.13E-06,+195.22429E-03
+132.13E-06,+197.25337E-03
+133.13E-06,+199.08372E-03
+134.13E-06,+200.63462E-03
+135.13E-06,+202.72352E-03
+136.13E-06,+204.40228E-03
+137.13E-06,+206.20408E-03
+138.13E-06,+208.13026E-03
+139.13E-06,+209.92668E-03
+140.13E-06,+212.04519E-03
+141.13E-06,+213.85508E-03
+142.13E-06,+215.57475E-03
+143.13E-06,+217.63631E-03
+144.13E-06,+219.58671E-03
+145.13E-06,+221.49261E-03
+146.13E-06,+223.64223E-03
+147.13E-06,+225.53826E-03
+148.13E-06,+227.56818E-03
+149.13E-06,+229.17950E-03
+150.13E-06,+231.29814E-03
+151.13E-06,+233.13518E-03
+152.13E-06,+235.25111E-03
+153.13E-06,+237.45223E-03
+154.13E-06,+238.94212E-03
+155.13E-06,+240.92028E-03
+156.13E-06,+243.23641E-03
+157.13E-06,+244.75728E-03
+158.13E-06,+246.99992E-03
+159.13E-06,+248.22014E-03
+160.13E-06,+250.39289E-03
+161.13E-06,+252.41437E-03
+162.13E-06,+254.67832E-03
+163.13E-06,+256.61777E-03
+164.13E-06,+258.62951E-03
+165.13E-06,+260.81686E-03
+166.13E-06,+262.56740E-03
+167.13E-06,+264.54729E-03
+168.13E-06,+267.07201E-03
+169.13E-06,+268.58439E-03
+170.13E-06,+271.10021E-03
+171.13E-06,+272.76243E-03
+172.13E-06,+274.53743E-03
+173.13E-06,+277.02208E-03
+174.13E-06,+278.83458E-03
+175.13E-06,+281.14026E-03
+176.13E-06,+282.84821E-03
+177.13E-06,+284.88263E-03
+178.13E-06,+287.24162E-03
+179.13E-06,+289.26310E-03
+180.13E-06,+291.18836E-03
+181.13E-06,+293.69982E-03
+182.13E-06,+295.67561E-03
+183.13E-06,+298.03672E-03
+184.13E-06,+300.30795E-03
+185.13E-06,+302.15202E-03
+186.13E-06,+304.62915E-03
+187.13E-06,+306.60857E-03
+188.13E-06,+308.46253E-03
+189.13E-06,+310.66823E-03
+190.13E-06,+312.89323E-03
+191.13E-06,+315.32559E-03
+192.13E-06,+317.11672E-03
+193.13E-06,+319.43516E-03
+194.13E-06,+321.32619E-03
+195.13E-06,+323.59999E-03
+196.13E-06,+325.98892E-03
+197.13E-06,+327.76761E-03
+198.13E-06,+329.88014E-03
+199.13E-06,+331.80868E-03
+200.13E-06,+333.92074E-03
+201.13E-06,+335.99110E-03
+202.13E-06,+338.00657E-03
+203.13E-06,+340.43854E-03
+204.13E-06,+341.60820E-03
+205.13E-06,+344.22451E-03
+206.13E-06,+346.12592E-03
+207.13E-06,+348.33473E-03
+208.13E-06,+350.88452E-03
+209.13E-06,+352.55703E-03
+210.13E-06,+354.48515E-03
+211.13E-06,+356.36019E-03
+212.13E-06,+358.63353E-03
+213.13E-06,+360.45772E-03
+214.13E-06,+363.00195E-03
+215.13E-06,+365.09776E-03
+216.13E-06,+367.57946E-03
+217.13E-06,+368.96288E-03
+218.13E-06,+371.03925E-03
+219.13E-06,+372.90165E-03
+220.13E-06,+375.35273E-03
+221.13E-06,+377.67161E-03
+222.13E-06,+379.37117E-03
+223.13E-06,+381.25215E-03
+224.13E-06,+383.38705E-03
+225.13E-06,+385.38077E-03
+226.13E-06,+387.83196E-03
+227.13E-06,+389.89101E-03
+228.13E-06,+391.48756E-03
+229.13E-06,+393.69066E-03
+230.13E-06,+395.80818E-03
+231.13E-06,+397.95681E-03
+232.13E-06,+400.02920E-03
+233.13E-06,+401.73219E-03
+234.13E-06,+403.56783E-03
+235.13E-06,+405.76388E-03
+236.13E-06,+407.58286E-03
+237.13E-06,+409.10890E-03
+238.13E-06,+410.88089E-03
+239.13E-06,+412.75753E-03
+240.13E-06,+414.36658E-03
+241.13E-06,+416.23649E-03
+242.13E-06,+418.64680E-03
+243.13E-06,+420.61774E-03
+244.13E-06,+422.10688E-03
+245.13E-06,+423.51797E-03
+246.13E-06,+425.80049E-03
+247.13E-06,+427.51640E-03
+248.13E-06,+429.06131E-03
+249.13E-06,+430.47895E-03
+250.13E-06,+432.30248E-03
+251.13E-06,+434.13886E-03
+252.13E-06,+435.21089E-03
+253.13E-06,+436.78648E-03
+254.13E-06,+438.61670E-03
+255.13E-06,+440.16688E-03
+256.13E-06,+442.02241E-03
+257.13E-06,+443.10473E-03
+258.13E-06,+445.11288E-03
+259.13E-06,+446.44613E-03
+260.13E-06,+448.03466E-03
+261.13E-06,+449.37241E-03
+262.13E-06,+450.86417E-03
+263.13E-06,+451.97785E-03
+264.13E-06,+453.27263E-03
+265.13E-06,+454.65159E-03
+266.13E-06,+455.93499E-03
+267.13E-06,+456.98901E-03
+268.13E-06,+458.34853E-03
+269.13E-06,+459.69883E-03
+270.13E-06,+460.87307E-03
+271.13E-06,+462.35791E-03
+272.13E-06,+463.20192E-03
+273.13E-06,+464.67155E-03
+274.13E-06,+465.58243E-03
+275.13E-06,+466.86583E-03
+276.13E-06,+468.10763E-03
+277.13E-06,+468.82829E-03
+278.13E-06,+470.18566E-03
+279.13E-06,+470.97468E-03
+280.13E-06,+471.92554E-03
+281.13E-06,+472.69675E-03
+282.13E-06,+474.04954E-03
+283.13E-06,+474.79858E-03
+284.13E-06,+475.66113E-03
+285.13E-06,+476.35379E-03
+286.13E-06,+477.22712E-03
+287.13E-06,+478.26592E-03
+288.13E-06,+478.74981E-03
+289.13E-06,+479.72136E-03
+290.13E-06,+480.25712E-03
+291.13E-06,+480.88327E-03
+292.13E-06,+481.42761E-03
+293.13E-06,+482.14746E-03
+294.13E-06,+482.54851E-03
+295.13E-06,+483.07142E-03
+296.13E-06,+483.57208E-03
+297.13E-06,+484.21382E-03
+298.13E-06,+484.44342E-03
+299.13E-06,+484.83597E-03
+300.13E-06,+485.25432E-03
+301.13E-06,+485.26659E-03
+302.13E-06,+485.80791E-03
+303.13E-06,+485.67267E-03
+304.13E-06,+486.18610E-03
+305.13E-06,+486.73991E-03
+306.13E-06,+486.94261E-03
+307.13E-06,+486.67222E-03
+308.13E-06,+487.22247E-03
+309.13E-06,+486.84012E-03
+310.13E-06,+487.41293E-03
+311.13E-06,+487.02242E-03
+312.13E-06,+486.89561E-03
+313.13E-06,+486.79829E-03
+314.13E-06,+487.06075E-03
+315.13E-06,+486.59180E-03
+316.13E-06,+486.50883E-03
+317.13E-06,+486.19268E-03
+318.13E-06,+486.03195E-03
+319.13E-06,+485.44783E-03
+320.13E-06,+484.88169E-03
+321.13E-06,+485.09807E-03
+322.13E-06,+484.34064E-03
+323.13E-06,+483.81528E-03
+324.13E-06,+483.51841E-03
+325.13E-06,+483.04031E-03
+326.13E-06,+482.44547E-03
+327.13E-06,+481.69970E-03
+328.13E-06,+481.23162E-03
+329.13E-06,+480.67242E-03
+330.13E-06,+480.09999E-03
+331.13E-06,+479.45704E-03
+332.13E-06,+478.36271E-03
+333.13E-06,+477.35705E-03
+334.13E-06,+476.56619E-03
+335.13E-06,+475.90440E-03
+336.13E-06,+474.75368E-03
+337.13E-06,+473.92234E-03
+338.13E-06,+472.94444E-03
+339.13E-06,+472.03882E-03
+340.13E-06,+471.22459E-03
+341.13E-06,+470.55221E-03
+342.13E-06,+469.03364E-03
+343.13E-06,+467.54082E-03
+344.13E-06,+466.64937E-03
+345.13E-06,+465.34496E-03
+346.13E-06,+464.12633E-03
+347.13E-06,+463.14972E-03
+348.13E-06,+461.64646E-03
+349.13E-06,+460.45347E-03
+350.13E-06,+459.06012E-03
+351.13E-06,+457.73958E-03
+352.13E-06,+456.06018E-03
+353.13E-06,+454.66060E-03
+354.13E-06,+453.38750E-03
+355.13E-06,+451.72964E-03
+356.13E-06,+450.25543E-03
+357.13E-06,+448.75626E-03
+358.13E-06,+447.46223E-03
+359.13E-06,+445.69946E-03
+360.13E-06,+443.48843E-03
+361.13E-06,+442.12660E-03
+362.13E-06,+440.57533E-03
+363.13E-06,+438.06605E-03
+364.13E-06,+436.80407E-03
+365.13E-06,+434.40559E-03
+366.13E-06,+433.07618E-03
+367.13E-06,+430.74746E-03
+368.13E-06,+428.92058E-03
+369.13E-06,+427.13222E-03
+370.13E-06,+425.31043E-03
+371.13E-06,+423.30743E-03
+372.13E-06,+421.18756E-03
+373.13E-06,+418.89478E-03
+374.13E-06,+416.74854E-03
+375.13E-06,+414.54001E-03
+376.13E-06,+412.28137E-03
+377.13E-06,+410.29736E-03
+378.13E-06,+408.10399E-03
+379.13E-06,+405.95942E-03
+380.13E-06,+403.68011E-03
+381.13E-06,+401.17140E-03
+382.13E-06,+398.94603E-03
+383.13E-06,+396.49167E-03
+384.13E-06,+394.31043E-03
+385.13E-06,+391.87115E-03
+386.13E-06,+389.08228E-03
+387.13E-06,+386.21344E-03
+388.13E-06,+383.72357E-03
+389.13E-06,+381.54660E-03
+390.13E-06,+378.93756E-03
+391.13E-06,+376.62851E-03
+392.13E-06,+373.89970E-03
+393.13E-06,+371.22156E-03
+394.13E-06,+368.90841E-03
+395.13E-06,+365.69643E-03
+396.13E-06,+363.42306E-03
+397.13E-06,+360.74015E-03
+398.13E-06,+357.99877E-03
+399.13E-06,+355.53270E-03
+400.13E-06,+352.85647E-03
+401.13E-06,+349.86787E-03
+402.13E-06,+347.33796E-03
+403.13E-06,+344.86818E-03
+404.13E-06,+341.63160E-03
+405.13E-06,+339.23612E-03
+406.13E-06,+336.47690E-03
+407.13E-06,+333.80035E-03
+408.13E-06,+331.04658E-03
+409.13E-06,+328.42036E-03
+410.13E-06,+325.67129E-03
+411.13E-06,+322.81776E-03
+412.13E-06,+319.92339E-03
+413.13E-06,+316.93561E-03
+414.13E-06,+313.75806E-03
+415.13E-06,+310.91858E-03
+416.13E-06,+307.74909E-03
+417.13E-06,+304.64512E-03
+418.13E-06,+301.79674E-03
+419.13E-06,+298.62428E-03
+420.13E-06,+295.95343E-03
+421.13E-06,+292.65855E-03
+422.13E-06,+289.54680E-03
+423.13E-06,+286.20786E-03
+424.13E-06,+283.44690E-03
+425.13E-06,+280.03995E-03
+426.13E-06,+277.36212E-03
+427.13E-06,+274.43650E-03
+428.13E-06,+270.98821E-03
+429.13E-06,+268.27686E-03
+430.13E-06,+265.30394E-03
+431.13E-06,+261.99119E-03
+432.13E-06,+258.77797E-03
+433.13E-06,+255.39036E-03
+434.13E-06,+252.72745E-03
+435.13E-06,+249.39597E-03
+436.13E-06,+246.51379E-03
+437.13E-06,+243.60428E-03
+438.13E-06,+240.52069E-03
+439.13E-06,+237.61201E-03
+440.13E-06,+234.44922E-03
+441.13E-06,+231.18607E-03
+442.13E-06,+228.06699E-03
+443.13E-06,+224.50983E-03
+444.13E-06,+221.29285E-03
+445.13E-06,+217.99601E-03
+446.13E-06,+214.94419E-03
+447.13E-06,+211.87774E-03
+448.13E-06,+208.50907E-03
+449.13E-06,+205.87249E-03
+450.13E-06,+202.65309E-03
+451.13E-06,+199.78517E-03
+452.13E-06,+196.53854E-03
+453.13E-06,+193.39263E-03
+454.13E-06,+189.74088E-03
+455.13E-06,+187.00811E-03
+456.13E-06,+183.68960E-03
+457.13E-06,+180.66412E-03
+458.13E-06,+177.71781E-03
+459.13E-06,+174.40406E-03
+460.13E-06,+171.18314E-03
+461.13E-06,+167.99939E-03
+462.13E-06,+164.74774E-03
+463.13E-06,+161.81958E-03
+464.13E-06,+158.62615E-03
+465.13E-06,+155.66487E-03
+466.13E-06,+152.54467E-03
+467.13E-06,+149.51486E-03
+468.13E-06,+146.71212E-03
+469.13E-06,+143.75851E-03
+470.13E-06,+140.34488E-03
+471.13E-06,+137.42654E-03
+472.13E-06,+134.85950E-03
+473.13E-06,+131.92859E-03
+474.13E-06,+128.86240E-03
+475.13E-06,+125.92457E-03
+476.13E-06,+122.78197E-03
+477.13E-06,+119.82238E-03
+478.13E-06,+116.83774E-03
+479.13E-06,+113.98368E-03
+480.13E-06,+111.25568E-03
+481.13E-06,+108.29153E-03
+482.13E-06,+105.48634E-03
+483.13E-06,+102.51498E-03
+484.13E-06,+99.47071E-03
+485.13E-06,+96.71657E-03
+486.13E-06,+93.54308E-03
+487.13E-06,+90.96675E-03
+488.13E-06,+88.05585E-03
+489.13E-06,+85.48734E-03
+490.13E-06,+82.61846E-03
+491.13E-06,+79.77454E-03
+492.13E-06,+77.08437E-03
+493.13E-06,+74.48105E-03
+494.13E-06,+71.13334E-03
+495.13E-06,+68.88392E-03
+496.13E-06,+65.70234E-03
+497.13E-06,+62.94433E-03
+498.13E-06,+60.14998E-03
+499.13E-06,+57.68243E-03
+500.13E-06,+54.80400E-03
+501.13E-06,+52.35055E-03
+502.13E-06,+49.76165E-03
+503.13E-06,+47.41871E-03
+504.13E-06,+44.50981E-03
+505.13E-06,+41.81376E-03
+506.13E-06,+39.36611E-03
+507.13E-06,+36.68967E-03
+508.13E-06,+34.47320E-03
+509.13E-06,+32.10066E-03
+510.13E-06,+29.12241E-03
+511.13E-06,+26.73923E-03
+512.13E-06,+23.98644E-03
+513.13E-06,+21.77064E-03
+514.13E-06,+19.44750E-03
+515.13E-06,+16.84254E-03
+516.13E-06,+14.42197E-03
+517.13E-06,+11.94932E-03
+518.13E-06,+9.67893E-03
+519.13E-06,+7.04122E-03
+520.13E-06,+4.93666E-03
+521.13E-06,+2.73981E-03
+522.13E-06,+617.66E-06
+523.13E-06,-1.78803E-03
+524.13E-06,-4.01020E-03
+525.13E-06,-6.58036E-03
+526.13E-06,-8.87636E-03
+527.13E-06,-10.98237E-03
+528.13E-06,-13.02837E-03
+529.13E-06,-15.21865E-03
+530.13E-06,-17.24271E-03
+531.13E-06,-19.52991E-03
+532.13E-06,-21.64356E-03
+533.13E-06,-23.98886E-03
+534.13E-06,-26.11688E-03
+535.13E-06,-28.29538E-03
+536.13E-06,-29.84639E-03
+537.13E-06,-32.34312E-03
+538.13E-06,-34.69953E-03
+539.13E-06,-36.84604E-03
+540.13E-06,-38.57177E-03
+541.13E-06,-40.41453E-03
+542.13E-06,-42.43792E-03
+543.13E-06,-44.72060E-03
+544.13E-06,-46.88468E-03
+545.13E-06,-48.83519E-03
+546.13E-06,-50.87202E-03
+547.13E-06,-53.35369E-03
+548.13E-06,-54.93657E-03
+549.13E-06,-56.97504E-03
+550.13E-06,-59.12493E-03
+551.13E-06,-60.91705E-03
+552.13E-06,-62.99243E-03
+553.13E-06,-65.13876E-03
+554.13E-06,-67.12775E-03
+555.13E-06,-68.70947E-03
+556.13E-06,-70.76002E-03
+557.13E-06,-72.81143E-03
+558.13E-06,-75.35440E-03
+559.13E-06,-76.54600E-03
+560.13E-06,-78.68465E-03
+561.13E-06,-80.52394E-03
+562.13E-06,-82.25693E-03
+563.13E-06,-84.22661E-03
+564.13E-06,-86.34980E-03
+565.13E-06,-88.11294E-03
+566.13E-06,-90.04156E-03
+567.13E-06,-91.71269E-03
+568.13E-06,-93.45163E-03
+569.13E-06,-95.38922E-03
+570.13E-06,-96.91289E-03
+571.13E-06,-98.52096E-03
+572.13E-06,-100.16754E-03
+573.13E-06,-102.22879E-03
+574.13E-06,-104.13827E-03
+575.13E-06,-105.92073E-03
+576.13E-06,-107.23250E-03
+577.13E-06,-109.27212E-03
+578.13E-06,-111.57485E-03
+579.13E-06,-112.99214E-03
+580.13E-06,-114.72459E-03
+581.13E-06,-116.37351E-03
+582.13E-06,-117.91316E-03
+583.13E-06,-120.44486E-03
+584.13E-06,-122.07549E-03
+585.13E-06,-123.23271E-03
+586.13E-06,-124.87069E-03
+587.13E-06,-126.68829E-03
+588.13E-06,-128.38797E-03
+589.13E-06,-130.19933E-03
+590.13E-06,-131.92628E-03
+591.13E-06,-133.68796E-03
+592.13E-06,-135.28978E-03
+593.13E-06,-137.23220E-03
+594.13E-06,-139.12964E-03
+595.13E-06,-140.13845E-03
+596.13E-06,-142.79627E-03
+597.13E-06,-144.20021E-03
+598.13E-06,-145.96759E-03
+599.13E-06,-147.63562E-03
+600.13E-06,-149.51392E-03
+601.13E-06,-151.37091E-03
+602.13E-06,-153.43619E-03
+603.13E-06,-154.82778E-03
+604.13E-06,-156.50057E-03
+605.13E-06,-158.59417E-03
+606.13E-06,-160.18766E-03
+607.13E-06,-161.73843E-03
+608.13E-06,-163.61495E-03
+609.13E-06,-164.98634E-03
+610.13E-06,-167.06407E-03
+611.13E-06,-168.60448E-03
+612.13E-06,-170.31366E-03
+613.13E-06,-172.04565E-03
+614.13E-06,-173.74885E-03
+615.13E-06,-175.44688E-03
+616.13E-06,-177.21263E-03
+617.13E-06,-178.88385E-03
+618.13E-06,-180.87610E-03
+619.13E-06,-182.35785E-03
+620.13E-06,-184.36360E-03
+621.13E-06,-186.55073E-03
+622.13E-06,-187.79894E-03
+623.13E-06,-189.78844E-03
+624.13E-06,-191.50252E-03
+625.13E-06,-193.38956E-03
+626.13E-06,-195.31853E-03
+627.13E-06,-197.32040E-03
+628.13E-06,-199.26943E-03
+629.13E-06,-200.61110E-03
+630.13E-06,-202.45278E-03
+631.13E-06,-204.26745E-03
+632.13E-06,-206.07488E-03
+633.13E-06,-207.89502E-03
+634.13E-06,-209.96940E-03
+635.13E-06,-211.43605E-03
+636.13E-06,-213.43961E-03
+637.13E-06,-215.11674E-03
+638.13E-06,-216.96606E-03
+639.13E-06,-218.99230E-03
+640.13E-06,-220.62034E-03
+641.13E-06,-222.45709E-03
+642.13E-06,-224.37496E-03
+643.13E-06,-226.53512E-03
+644.13E-06,-228.46101E-03
+645.13E-06,-230.27422E-03
+646.13E-06,-231.90645E-03
+647.13E-06,-234.20936E-03
+648.13E-06,-236.13502E-03
+649.13E-06,-238.07917E-03
+650.13E-06,-239.85645E-03
+651.13E-06,-241.84151E-03
+652.13E-06,-243.63715E-03
+653.13E-06,-245.41798E-03
+654.13E-06,-247.40660E-03
+655.13E-06,-249.43825E-03
+656.13E-06,-251.38846E-03
+657.13E-06,-253.76226E-03
+658.13E-06,-255.63374E-03
+659.13E-06,-257.62164E-03
+660.13E-06,-259.77458E-03
+661.13E-06,-261.90257E-03
+662.13E-06,-263.94156E-03
+663.13E-06,-265.70789E-03
+664.13E-06,-268.06421E-03
+665.13E-06,-270.00127E-03
+666.13E-06,-272.08784E-03
+667.13E-06,-274.02265E-03
+668.13E-06,-275.94864E-03
+669.13E-06,-277.97775E-03
+670.13E-06,-280.19842E-03
+671.13E-06,-282.09047E-03
+672.13E-06,-284.30302E-03
+673.13E-06,-286.66147E-03
+674.13E-06,-288.21636E-03
+675.13E-06,-290.62656E-03
+676.13E-06,-292.57701E-03
+677.13E-06,-294.67078E-03
+678.13E-06,-296.97469E-03
+679.13E-06,-298.82529E-03
+680.13E-06,-300.89678E-03
+681.13E-06,-302.77436E-03
+682.13E-06,-304.78610E-03
+683.13E-06,-306.98439E-03
+684.13E-06,-309.03110E-03
+685.13E-06,-311.19717E-03
+686.13E-06,-313.77287E-03
+687.13E-06,-315.55588E-03
+688.13E-06,-318.10764E-03
+689.13E-06,-319.74443E-03
+690.13E-06,-322.19979E-03
+691.13E-06,-324.54127E-03
+692.13E-06,-326.25655E-03
+693.13E-06,-328.22526E-03
+694.13E-06,-330.44203E-03
+695.13E-06,-332.78682E-03
+696.13E-06,-334.63892E-03
+697.13E-06,-336.75679E-03
+698.13E-06,-338.95048E-03
+699.13E-06,-341.29196E-03
+700.13E-06,-343.60957E-03
+701.13E-06,-345.48315E-03
+702.13E-06,-347.45174E-03
+703.13E-06,-350.11814E-03
+704.13E-06,-352.04619E-03
+705.13E-06,-354.48601E-03
+706.13E-06,-355.99229E-03
+707.13E-06,-358.31972E-03
+708.13E-06,-360.55076E-03
+709.13E-06,-362.63905E-03
+710.13E-06,-364.51033E-03
+711.13E-06,-366.58240E-03
+712.13E-06,-368.54528E-03
+713.13E-06,-371.13790E-03
+714.13E-06,-372.81117E-03
+715.13E-06,-374.90517E-03
+716.13E-06,-377.27188E-03
+717.13E-06,-379.30305E-03
+718.13E-06,-381.03238E-03
+719.13E-06,-383.19855E-03
+720.13E-06,-385.54654E-03
+721.13E-06,-387.85182E-03
+722.13E-06,-389.41784E-03
+723.13E-06,-391.58652E-03
+724.13E-06,-393.83686E-03
+725.13E-06,-395.55776E-03
+726.13E-06,-397.69047E-03
+727.13E-06,-399.50464E-03
+728.13E-06,-401.92140E-03
+729.13E-06,-403.56469E-03
+730.13E-06,-405.96937E-03
+731.13E-06,-407.62796E-03
+732.13E-06,-409.34704E-03
+733.13E-06,-411.55945E-03
+734.13E-06,-413.32808E-03
+735.13E-06,-414.95371E-03
+736.13E-06,-416.91977E-03
+737.13E-06,-419.09520E-03
+738.13E-06,-420.69183E-03
+739.13E-06,-422.77382E-03
+740.13E-06,-424.48616E-03
+741.13E-06,-426.19274E-03
+742.13E-06,-427.44205E-03
+743.13E-06,-429.42486E-03
+744.13E-06,-431.37443E-03
+745.13E-06,-432.86212E-03
+746.13E-06,-434.83676E-03
+747.13E-06,-436.41076E-03
+748.13E-06,-438.14384E-03
+749.13E-06,-439.68188E-03
+750.13E-06,-441.42665E-03
+751.13E-06,-443.38614E-03
+752.13E-06,-445.15903E-03
+753.13E-06,-446.45042E-03
+754.13E-06,-448.55347E-03
+755.13E-06,-449.75899E-03
+756.13E-06,-451.53885E-03
+757.13E-06,-452.85668E-03
+758.13E-06,-454.39847E-03
+759.13E-06,-456.15174E-03
+760.13E-06,-457.27440E-03
+761.13E-06,-458.93123E-03
+762.13E-06,-460.37203E-03
+763.13E-06,-461.81200E-03
+764.13E-06,-462.85893E-03
+765.13E-06,-464.55456E-03
+766.13E-06,-465.53625E-03
+767.13E-06,-467.17313E-03
+768.13E-06,-468.60367E-03
+769.13E-06,-469.77327E-03
+770.13E-06,-470.87414E-03
+771.13E-06,-471.91490E-03
+772.13E-06,-473.37685E-03
+773.13E-06,-474.76832E-03
+774.13E-06,-475.63233E-03
+775.13E-06,-476.98027E-03
+776.13E-06,-477.65875E-03
+777.13E-06,-478.86737E-03
+778.13E-06,-479.83613E-03
+779.13E-06,-481.08265E-03
+780.13E-06,-481.58581E-03
+781.13E-06,-482.79958E-03
+782.13E-06,-483.60530E-03
+783.13E-06,-484.62617E-03
+784.13E-06,-485.19713E-03
+785.13E-06,-486.25018E-03
+786.13E-06,-487.15401E-03
+787.13E-06,-487.61275E-03
+788.13E-06,-488.45645E-03
+789.13E-06,-489.05614E-03
+790.13E-06,-490.00006E-03
+791.13E-06,-490.61994E-03
+792.13E-06,-490.94591E-03
+793.13E-06,-491.35425E-03
+794.13E-06,-492.44421E-03
+795.13E-06,-492.60659E-03
+796.13E-06,-493.30797E-03
+797.13E-06,-493.94111E-03
+798.13E-06,-494.05050E-03
+799.13E-06,-494.49868E-03
+800.13E-06,-495.00609E-03
+801.13E-06,-495.06494E-03
+802.13E-06,-495.69291E-03
+803.13E-06,-495.55728E-03
+804.13E-06,-495.88731E-03
+805.13E-06,-496.20400E-03
+806.13E-06,-496.30560E-03
+807.13E-06,-496.28743E-03
+808.13E-06,-496.86105E-03
+809.13E-06,-496.37027E-03
+810.13E-06,-496.39095E-03
+811.13E-06,-496.38869E-03
+812.13E-06,-496.18353E-03
+813.13E-06,-496.24485E-03
+814.13E-06,-496.27304E-03
+815.13E-06,-495.88919E-03
+816.13E-06,-495.95872E-03
+817.13E-06,-495.53580E-03
+818.13E-06,-495.31727E-03
+819.13E-06,-495.37958E-03
+820.13E-06,-494.76840E-03
+821.13E-06,-494.36300E-03
+822.13E-06,-493.95640E-03
+823.13E-06,-494.08322E-03
+824.13E-06,-493.07518E-03
+825.13E-06,-492.74453E-03
+826.13E-06,-491.92179E-03
+827.13E-06,-491.74126E-03
+828.13E-06,-491.14233E-03
+829.13E-06,-490.65747E-03
+830.13E-06,-489.37618E-03
+831.13E-06,-488.86475E-03
+832.13E-06,-488.04114E-03
+833.13E-06,-487.23655E-03
+834.13E-06,-487.01562E-03
+835.13E-06,-485.27159E-03
+836.13E-06,-484.82580E-03
+837.13E-06,-483.62221E-03
+838.13E-06,-482.87379E-03
+839.13E-06,-481.97983E-03
+840.13E-06,-480.74076E-03
+841.13E-06,-479.79685E-03
+842.13E-06,-478.72857E-03
+843.13E-06,-477.35590E-03
+844.13E-06,-476.43597E-03
+845.13E-06,-475.17863E-03
+846.13E-06,-474.19074E-03
+847.13E-06,-472.51047E-03
+848.13E-06,-471.48347E-03
+849.13E-06,-470.17945E-03
+850.13E-06,-468.90658E-03
+851.13E-06,-467.72270E-03
+852.13E-06,-465.90766E-03
+853.13E-06,-464.55023E-03
+854.13E-06,-463.00739E-03
+855.13E-06,-461.56682E-03
+856.13E-06,-459.75834E-03
+857.13E-06,-458.32407E-03
+858.13E-06,-456.38435E-03
+859.13E-06,-455.34148E-03
+860.13E-06,-453.32510E-03
+861.13E-06,-451.80889E-03
+862.13E-06,-449.92945E-03
+863.13E-06,-448.31625E-03
+864.13E-06,-446.37465E-03
+865.13E-06,-444.12270E-03
+866.13E-06,-442.65506E-03
+867.13E-06,-440.67854E-03
+868.13E-06,-438.58228E-03
+869.13E-06,-436.59991E-03
+870.13E-06,-434.85004E-03
+871.13E-06,-432.32496E-03
+872.13E-06,-430.39193E-03
+873.13E-06,-428.38820E-03
+874.13E-06,-426.39977E-03
+875.13E-06,-423.96415E-03
+876.13E-06,-422.06759E-03
+877.13E-06,-419.99911E-03
+878.13E-06,-417.98349E-03
+879.13E-06,-415.82101E-03
+880.13E-06,-413.49468E-03
+881.13E-06,-411.10206E-03
+882.13E-06,-408.59263E-03
+883.13E-06,-406.41580E-03
+884.13E-06,-403.99095E-03
+885.13E-06,-401.55333E-03
+886.13E-06,-399.12308E-03
+887.13E-06,-396.42826E-03
+888.13E-06,-394.01980E-03
+889.13E-06,-391.47729E-03
+890.13E-06,-389.21290E-03
+891.13E-06,-386.53795E-03
+892.13E-06,-383.91635E-03
+893.13E-06,-381.37526E-03
+894.13E-06,-378.76718E-03
+895.13E-06,-375.99027E-03
+896.13E-06,-373.68833E-03
+897.13E-06,-371.12404E-03
+898.13E-06,-368.15855E-03
+899.13E-06,-365.34490E-03
+900.13E-06,-362.76536E-03
+901.13E-06,-359.78575E-03
+902.13E-06,-357.37316E-03
+903.13E-06,-354.42881E-03
+904.13E-06,-351.76255E-03
+905.13E-06,-349.01602E-03
+906.13E-06,-345.74285E-03
+907.13E-06,-343.11176E-03
+908.13E-06,-339.99343E-03
+909.13E-06,-337.49247E-03
+910.13E-06,-334.47028E-03
+911.13E-06,-331.57760E-03
+912.13E-06,-328.51591E-03
+913.13E-06,-325.94890E-03
+914.13E-06,-322.64431E-03
+915.13E-06,-319.84570E-03
+916.13E-06,-317.15019E-03
+917.13E-06,-314.00552E-03
+918.13E-06,-310.78423E-03
+919.13E-06,-307.68139E-03
+920.13E-06,-304.83726E-03
+921.13E-06,-301.79775E-03
+922.13E-06,-298.71006E-03
+923.13E-06,-296.03470E-03
+924.13E-06,-292.85024E-03
+925.13E-06,-289.93296E-03
+926.13E-06,-286.55526E-03
+927.13E-06,-283.28416E-03
+928.13E-06,-280.49314E-03
+929.13E-06,-277.41774E-03
+930.13E-06,-274.35547E-03
+931.13E-06,-270.65088E-03
+932.13E-06,-268.03694E-03
+933.13E-06,-265.02829E-03
+934.13E-06,-261.82703E-03
+935.13E-06,-258.85576E-03
+936.13E-06,-255.06292E-03
+937.13E-06,-252.13633E-03
+938.13E-06,-248.96742E-03
+939.13E-06,-245.91020E-03
+940.13E-06,-242.90214E-03
+941.13E-06,-239.65212E-03
+942.13E-06,-236.41147E-03
+943.13E-06,-233.14321E-03
+944.13E-06,-230.19944E-03
+945.13E-06,-227.12515E-03
+946.13E-06,-224.05621E-03
+947.13E-06,-220.81890E-03
+948.13E-06,-217.66578E-03
+949.13E-06,-214.36106E-03
+950.13E-06,-211.19440E-03
+951.13E-06,-208.24591E-03
+952.13E-06,-205.21756E-03
+953.13E-06,-201.88897E-03
+954.13E-06,-198.79503E-03
+955.13E-06,-195.57253E-03
+956.13E-06,-192.66717E-03
+957.13E-06,-189.49450E-03
+958.13E-06,-186.26990E-03
+959.13E-06,-183.37012E-03
+960.13E-06,-180.03567E-03
+961.13E-06,-176.71559E-03
+962.13E-06,-174.28580E-03
+963.13E-06,-170.69201E-03
+964.13E-06,-167.66548E-03
+965.13E-06,-164.43014E-03
+966.13E-06,-161.92204E-03
+967.13E-06,-158.49309E-03
+968.13E-06,-155.59568E-03
+969.13E-06,-152.72564E-03
+970.13E-06,-149.50160E-03
+971.13E-06,-146.37290E-03
+972.13E-06,-143.36857E-03
+973.13E-06,-139.88867E-03
+974.13E-06,-137.33060E-03
+975.13E-06,-133.98038E-03
+976.13E-06,-130.97885E-03
+977.13E-06,-128.20469E-03
+978.13E-06,-124.88309E-03
+979.13E-06,-122.39146E-03
+980.13E-06,-119.28216E-03
+981.13E-06,-116.36130E-03
+982.13E-06,-113.20580E-03
+983.13E-06,-110.20553E-03
+984.13E-06,-107.49266E-03
+985.13E-06,-105.10223E-03
+986.13E-06,-101.78034E-03
+987.13E-06,-99.22855E-03
+988.13E-06,-96.35851E-03
+989.13E-06,-93.87848E-03
+990.13E-06,-91.17856E-03
+991.13E-06,-87.99892E-03
+992.13E-06,-85.86911E-03
+993.13E-06,-82.78717E-03
+994.13E-06,-80.03313E-03
+995.13E-06,-77.46403E-03
+996.13E-06,-74.45536E-03
+997.13E-06,-71.97813E-03
+998.13E-06,-69.16700E-03
+999.13E-06,-66.33800E-03
